date,Gallen-Kallela,L채nsiv채yl채,L채nsituulenkuja
2014-01-03,,,
2014-01-04,,,
2014-01-05,,,
2014-01-06,,,
2014-01-07,,,
2014-01-08,,,
2014-01-09,,,
2014-01-10,,,
2014-02-07,,,
2014-02-08,,,
2014-02-09,,,
2014-02-10,,,
2014-02-11,,,
2014-02-12,,,
2014-02-13,,,
2014-02-14,,,
2014-02-15,,,
2014-02-16,,,
2014-02-17,,,
2014-02-18,,,
2014-02-19,,,
2014-02-20,,,
2014-02-21,,,
2014-02-22,,,
2014-02-23,,,
2014-02-24,,,
2014-02-25,,,
2014-02-26,,,
2014-02-27,,,
2014-02-28,,,
2014-03-01,,,
2014-03-02,,,
2014-03-03,,,
2014-03-04,,,
2014-03-05,,,
2014-03-06,,,
2014-03-07,,,
2014-03-08,,,
2014-03-09,,,
2014-03-10,,,
2014-03-11,,,
2014-03-12,,,
2014-03-13,,,
2014-03-14,,,
2014-03-15,,,
2014-03-16,,,
2014-03-17,,,
2014-03-18,,,
2014-03-19,,,
2014-03-20,,,
2014-03-21,,,
2014-04-11,,,
2014-04-12,,,
2014-04-13,,,
2014-04-14,,,
2014-04-15,,,
2014-04-16,,,
2014-04-17,,,
2014-04-18,,,
2014-04-19,,,
2014-04-20,,,
2014-04-21,,,
2014-04-22,,,
2014-04-23,,,
2014-04-24,,,
2014-04-25,,,
2014-04-26,,,
2014-04-27,,,
2014-04-28,,,
2014-04-29,,,
2014-04-30,,,
2014-05-01,,,
2014-05-02,,,
2014-05-03,,,
2014-05-04,,,
2014-05-05,,,
2014-05-06,,,
2014-05-07,,,
2014-05-08,,,
2014-05-09,,,
2014-05-10,,,
2014-05-11,,,
2014-05-12,,,
2014-05-13,,,
2014-05-14,,,
2014-05-15,,,
2014-05-16,,,
2014-05-17,,,
2014-05-18,,,
2014-05-19,,,
2014-05-20,,,
2014-05-21,,,
2014-05-22,,,
2014-05-23,,,
2014-05-24,,,
2014-05-25,,,
2014-05-26,,,
2014-05-27,,,
2014-05-28,,,
2014-05-29,,,
2014-05-30,,,
2014-05-31,,,
2014-06-01,,,
2014-06-02,,,
2014-06-03,,,
2014-06-04,,,
2014-06-05,,,
2014-06-06,,,
2014-06-07,,,
2014-06-08,,,
2014-06-09,,,
2014-06-10,,,
2014-06-11,,,
2014-06-12,,,
2014-06-13,,,
2014-06-14,,,
2014-06-15,,,
2014-06-16,,,
2014-06-17,,,
2014-06-18,,,
2014-06-19,,,
2014-06-20,,,
2014-06-21,,,
2014-06-22,,,
2014-06-23,,,
2014-06-24,,,
2014-06-25,,,
2014-06-26,,,
2014-06-27,,,
2014-06-28,,,
2014-06-29,,,
2014-06-30,,,
2014-07-01,,,
2014-07-02,,,
2014-07-03,,,
2014-07-04,,,
2014-07-05,,,
2014-07-06,,,
2014-07-07,,,
2014-07-08,,,
2014-07-09,,,
2014-07-10,,,
2014-07-11,,,
2014-07-12,,,
2014-07-13,,,
2014-07-14,,,
2014-07-15,,,
2014-07-16,,,
2014-07-17,,,
2014-07-18,,,
2014-07-19,,,
2014-07-20,,,
2014-07-21,,,
2014-07-22,,,
2014-07-23,,,
2014-07-24,,,
2014-07-25,,,
2014-07-26,,,
2014-07-27,,,
2014-07-28,,,
2014-07-29,,,
2014-07-30,,,
2014-07-31,,,
2014-08-01,,,
2014-08-02,,,
2014-08-03,,,
2014-08-04,,,
2014-08-05,,,
2014-08-06,,,
2014-08-07,,,
2014-08-08,,,
2014-08-09,,,
2014-08-10,,,
2014-08-11,,,
2014-08-12,,,
2014-08-13,,,
2014-08-14,,,
2014-08-15,,,
2014-08-16,,,
2014-08-17,,,
2014-08-18,,,
2014-08-19,,,
2014-08-20,,,
2014-08-21,,,
2014-08-22,,,
2014-08-23,,,
2014-08-24,,,
2014-08-25,,,
2014-08-26,,,
2014-08-27,,,
2014-09-19,,,
2014-09-20,,,
2014-09-21,,,
2014-09-22,,,
2014-09-23,,,
2014-09-24,,,
2014-09-25,,,
2014-09-26,,,
2014-09-27,,,
2014-09-28,,,
2014-09-29,,,
2015-02-17,,,
2015-02-18,,,
2015-02-19,,,
2015-02-20,,,
2015-02-21,,,
2015-02-22,,,
2015-02-23,,,
2015-02-24,,,
2015-02-25,,,
2015-02-26,,,
2015-02-27,,,
2015-02-28,,,
2015-03-01,,,
2015-03-02,,,
2015-03-03,,,
2015-03-04,,,
2015-03-05,,,
2015-03-06,,,
2015-03-07,,,
2015-03-08,,,
2015-03-09,,,
2015-03-10,,,
2015-03-11,,,
2015-03-12,,,
2015-03-13,,,
2015-03-14,,,
2015-03-15,,,
2015-03-16,,,
2015-03-17,,,
2015-03-18,,,
2015-03-19,,,
2015-03-20,,,
2015-03-21,,,
2015-03-22,,,
2015-03-23,,,
2015-03-24,,,
2015-03-25,,,
2015-04-17,,,
2015-04-18,,,
2015-04-19,,,
2015-04-20,,,
2015-04-21,,,
2015-04-22,,,
2015-04-23,,,
2015-04-24,,,
2015-04-25,,,
2015-04-26,,,
2015-04-27,,,
2015-04-28,,,
2015-04-29,,,
2015-04-30,,,
2015-05-01,,,
2015-05-02,,,
2015-05-03,,,
2015-05-04,,,
2015-05-11,,,
2015-05-12,,,
2015-05-13,,,
2015-05-14,,,
2015-05-15,,,
2015-05-16,,,
2015-05-17,,,
2015-05-18,,,
2015-05-19,,,
2015-05-20,,,
2015-05-21,,,
2015-05-22,,,
2015-05-23,,,
2015-05-24,,,
2015-05-25,,,
2015-05-26,,,
2015-05-27,,,
2015-05-28,,,
2015-05-29,,,
2015-05-30,,,
2015-05-31,,,
2015-06-01,,,
2015-06-02,,,
2015-06-03,,,
2015-06-04,,,
2015-06-05,,,
2015-06-06,,,
2015-06-07,,,
2015-06-08,,,
2015-06-09,,,
2015-06-10,,,
2015-06-11,,,
2015-06-12,,,
2015-06-13,,,
2015-06-14,,,
2015-06-15,,,
2015-06-16,,,
2015-06-17,,,
2015-06-18,,,
2015-06-19,,,
2015-06-20,,,
2015-06-21,,,
2015-06-22,,,
2015-06-23,,,
2015-06-24,,,
2015-06-25,,,
2015-06-26,,,
2015-06-27,,,
2015-06-28,,,
2015-06-29,,,
2015-06-30,,,
2015-07-01,,,
2015-07-02,,,
2015-07-03,,,
2015-07-04,,,
2015-07-05,,,
2015-07-06,,,
2015-07-07,,,
2015-07-08,,,
2015-07-09,,,
2015-07-10,,,
2015-07-11,,,
2015-07-12,,,
2015-07-13,,,
2015-07-14,,,
2015-07-15,,,
2015-07-16,,,
2015-07-17,,,
2015-07-18,,,
2015-07-19,,,
2015-07-20,,,
2015-07-21,,,
2015-07-22,,,
2015-07-23,,,
2015-07-24,,,
2015-07-25,,,
2015-07-26,,,
2015-07-27,,,
2015-07-28,,,
2015-07-29,,,
2015-07-30,,,
2015-07-31,,,
2015-08-01,,,
2015-08-02,,,
2015-08-03,,,
2015-08-04,,,
2015-08-05,,,
2015-08-06,,,
2015-08-07,,,
2015-08-08,,,
2015-08-09,,,
2015-08-10,,,
2015-08-11,,,
2015-08-12,,,
2015-08-13,,,
2015-08-14,,,
2015-08-15,,,
2015-08-16,,,
2015-08-17,,,
2015-08-18,,,
2015-08-19,,,
2015-08-20,,,
2015-08-21,,,
2015-08-22,,,
2015-08-23,,,
2015-08-24,,,
2015-08-25,,,
2015-08-26,,,
2015-08-27,,,
2015-08-28,,,
2016-01-15,,,
2016-01-16,,,
2016-01-17,,,
2016-01-18,,,
2016-01-19,,,
2016-01-20,,,
2016-01-21,,,
2016-01-22,,,
2016-01-23,,,
2016-01-24,,,
2016-01-25,,,
2016-01-26,,,
2016-01-27,,,
2016-01-28,,,
2016-01-29,,,
2016-01-30,,,
2016-01-31,,,
2016-02-01,,,
2016-02-02,,,
2016-02-03,,,
2016-02-04,,,
2016-02-05,,,
2016-02-06,,,
2016-02-07,,,
2016-02-08,,,
2016-02-09,,,
2016-02-10,,,
2016-02-11,,,
2016-02-12,,,
2016-02-13,,,
2016-02-14,,,
2016-02-15,,,
2016-02-16,,,
2016-02-17,,,
2016-02-18,,,
2016-02-19,,,
2016-02-20,,,
2016-02-21,,,
2016-02-22,,,
2016-02-23,,,
2016-02-24,,,
2016-02-25,,,
2016-02-26,,,
2016-02-27,,,
2016-02-28,,,
2016-02-29,,,
2016-03-01,,,
2016-03-02,,,
2016-03-03,,,
2016-03-04,,,
2016-03-05,,,
2016-03-06,,,
2016-03-07,,,
2016-03-08,,,
2016-03-09,,,
2016-03-10,,,
2016-03-11,,,
2016-03-12,,,
2016-03-13,,,
2016-03-14,,,
2016-03-15,,,
2016-03-16,,,
2016-03-17,,,
2016-03-18,,,
2016-03-19,,,
2016-03-20,,,
2016-03-21,,,
2016-03-22,,,
2016-03-23,,,
2016-03-24,,,
2016-03-25,,,
2016-03-26,,,
2016-03-27,,,
2016-03-28,,,
2016-03-29,,,
2016-03-30,,,
2016-03-31,,,
2016-04-01,,,
2016-04-02,,,
2016-04-03,,,
2016-04-04,,,
2016-04-05,,,
2016-04-06,,,
2016-04-07,,,
2016-04-08,,,
2016-04-09,,,
2016-04-10,,,
2016-04-11,,,
2016-04-12,,,
2016-04-13,,,
2016-04-14,,,
2016-04-15,,,
2016-04-16,,,
2016-04-17,,,
2016-04-18,,,
2016-04-19,,,
2016-04-20,,,
2016-04-21,,,
2016-04-22,,,
2016-04-23,,,
2016-04-24,,,
2016-04-25,,,
2016-04-26,,,
2016-04-27,,,
2016-04-28,,,
2016-04-29,,,
2016-04-30,,,
2016-05-01,,,
2016-05-02,,,
2016-05-03,,,
2016-05-04,,,
2016-05-05,,,
2016-05-06,,,
2016-05-07,,,
2016-05-08,,,
2016-05-09,,,
2016-05-10,,,
2016-05-11,,,
2016-05-12,,,
2016-05-13,,,
2016-05-14,,,
2016-05-15,,,
2016-05-16,,,
2016-05-17,,,
2016-05-18,,,
2016-05-19,,,
2016-05-20,,,
2016-05-21,,,
2016-05-22,,,
2016-05-23,,,
2016-05-24,,,
2016-05-25,,,
2016-05-26,,,
2016-05-27,,,
2016-05-28,,,
2016-05-29,,,342
2016-05-30,,,763
2016-05-31,,,746
2016-06-01,,,757
2016-06-02,,,463
2016-06-03,,,661
2016-06-04,,,327
2016-06-05,,,339
2016-06-06,,,667
2016-06-07,,,629
2016-06-08,,,331
2016-06-09,,,450
2016-06-10,,,366
2016-06-11,,,303
2016-06-12,,,284
2016-06-13,,,556
2016-06-14,,,617
2016-06-15,,,622
2016-06-16,,,190
2016-06-17,,,210
2016-06-18,,,68
2016-06-19,,,163
2016-06-20,,,322
2016-06-21,,,436
2016-06-22,,,301
2016-06-23,,,246
2016-06-24,,,115
2016-06-25,,,134
2016-06-26,,,175
2016-06-27,,,140
2016-06-28,,,336
2016-06-29,,,389
2016-06-30,,,301
2016-07-01,,,1007
2016-07-02,,,943
2016-07-03,,,455
2016-07-04,,,1013
2016-07-05,,,1093
2016-07-06,,,1353
2016-07-07,,,636
2016-07-08,,,1064
2016-07-09,,,851
2016-07-10,,,469
2016-07-11,,,1138
2016-07-12,,,1238
2016-07-13,,,1333
2016-07-14,,,1302
2016-07-15,,,412
2016-07-16,,,774
2016-07-17,,,506
2016-07-18,,,1296
2016-07-19,,,1377
2016-07-20,,,1348
2016-07-21,,,1077
2016-07-22,,,994
2016-07-23,,,666
2016-07-24,,,756
2016-07-25,,,1409
2016-07-26,,,1421
2016-07-27,,,1344
2016-07-28,,,1124
2016-07-29,,,1218
2016-07-30,,,911
2016-07-31,,,603
2016-08-01,,,1476
2016-08-02,,,1474
2016-08-03,,,1527
2016-08-04,,,869
2016-08-05,,,1208
2016-08-06,,,875
2016-08-07,,,717
2016-08-08,,,1647
2016-08-09,,,1430
2016-08-10,,,1338
2016-08-11,,,1338
2016-08-12,,,1290
2016-08-13,,,397
2016-08-14,,,575
2016-08-15,,,1605
2016-08-16,,,848
2016-08-17,,,1183
2016-08-18,,,932
2016-08-19,,,1377
2016-08-20,,,1095
2016-08-21,,,843
2016-08-22,,,1229
2016-08-23,,,1700
2016-08-24,,,1594
2016-08-25,,,1495
2016-08-26,,,1246
2016-08-27,,,1467
2016-08-28,,,879
2016-08-29,,,778
2016-08-30,,,1162
2016-08-31,,,1557
2016-09-01,,,1426
2016-09-02,,,1453
2016-09-03,,,724
2016-09-04,,,754
2016-09-05,,,1539
2016-09-06,,,1511
2016-09-07,,,1504
2016-09-08,,,1505
2016-09-09,,,1345
2016-09-10,,,865
2016-09-11,,,753
2016-09-12,,,1558
2016-09-13,,,1544
2016-09-14,,,1545
2016-09-15,,,1275
2016-09-16,,,1237
2016-09-17,,,847
2016-09-18,,,752
2016-09-19,,,1344
2016-09-20,,,1424
2016-09-21,,,1433
2016-09-22,,,1240
2016-09-23,,,1237
2016-09-24,,,681
2016-09-25,,,482
2016-09-26,,,1269
2016-09-27,,,1320
2016-09-28,,,978
2016-09-29,,,1016
2016-09-30,,,1039
2016-10-01,,,847
2016-10-02,,,535
2016-10-03,,,1317
2016-10-04,,,1148
2016-10-05,,,1105
2016-10-06,,,1078
2016-10-07,,,1005
2016-10-08,,,787
2016-10-09,,,481
2016-10-10,,,1141
2016-10-11,,,1139
2016-10-12,,,1519
2016-10-13,,,1308
2016-10-14,,,1192
2016-10-15,,,780
2016-10-16,,,774
2016-10-17,,,1022
2016-10-18,,,1058
2016-10-19,,,937
2016-10-20,,,909
2016-10-21,,,712
2016-10-22,,,408
2016-10-23,,,297
2016-10-24,,,806
2016-10-25,,,712
2016-10-26,,,808
2016-10-27,,,565
2016-10-28,,,547
2016-10-29,,,519
2016-10-30,,,366
2016-10-31,,,879
2016-11-01,,,742
2016-11-02,,,356
2016-11-03,,,342
2016-11-04,,,308
2016-11-05,,,143
2016-11-06,,,105
2016-11-07,,,289
2016-11-08,,,224
2016-11-09,,,183
2016-11-10,,,260
2016-11-11,,,260
2016-11-12,,,147
2016-11-13,,,83
2016-11-14,,,287
2016-11-15,,,308
2016-11-16,,,274
2016-11-17,,,244
2016-11-18,,,360
2016-11-19,,,320
2016-11-20,,,154
2016-11-21,,,505
2016-11-22,,,536
2016-11-23,,,483
2016-11-24,,,468
2016-11-25,,,550
2016-11-26,,,402
2016-11-27,,,193
2016-11-28,,,367
2016-11-29,,,321
2016-11-30,,,395
2016-12-01,,,330
2016-12-02,,,309
2016-12-03,,,154
2016-12-04,,,117
2016-12-05,,,353
2016-12-06,,,79
2016-12-07,,,324
2016-12-08,,,380
2016-12-09,,,338
2016-12-10,,,168
2016-12-11,,,106
2016-12-12,,,290
2016-12-13,,,363
2016-12-14,,,307
2016-12-15,,,356
2016-12-16,,,343
2016-12-17,,,188
2016-12-18,,,155
2016-12-19,,,366
2016-12-20,,,366
2016-12-21,,,408
2016-12-22,,,445
2016-12-23,,,377
2016-12-24,,,61
2016-12-25,,,71
2016-12-26,,,110
2016-12-27,,,283
2016-12-28,,,235
2016-12-29,,,212
2016-12-30,,,200
2016-12-31,,,112
2017-01-01,,,60
2017-01-02,,,311
2017-01-03,,,316
2017-01-04,,,385
2017-01-05,,,346
2017-01-06,,,153
2017-01-07,,,153
2017-01-08,,,153
2017-01-09,,,363
2017-01-10,,,370
2017-01-11,,,388
2017-01-12,,,355
2017-01-13,,,329
2017-01-14,,,210
2017-01-15,,,204
2017-01-16,,,363
2017-01-17,,,323
2017-01-18,,,305
2017-01-19,,,200
2017-01-20,,,227
2017-01-21,,,151
2017-01-22,,,101
2017-01-23,,,299
2017-01-24,,,255
2017-01-25,,,146
2017-01-26,,,212
2017-01-27,,,324
2017-01-28,,,188
2017-01-29,,,136
2017-01-30,,,314
2017-01-31,,,293
2017-02-01,,,291
2017-02-02,,,109
2017-02-03,,,207
2017-02-04,,,84
2017-02-05,,,69
2017-02-06,,,188
2017-02-07,,,196
2017-02-08,,,197
2017-02-09,,,230
2017-02-10,,,216
2017-02-11,,,125
2017-02-12,,,83
2017-02-13,,,234
2017-02-14,,,202
2017-02-15,,,374
2017-02-16,,,338
2017-02-17,,,329
2017-02-18,,,200
2017-02-19,,,124
2017-02-20,,,241
2017-02-21,,,247
2017-02-22,,,180
2017-02-23,,,165
2017-02-24,,,192
2017-02-25,,,131
2017-02-26,,,96
2017-02-27,,,296
2017-02-28,,,307
2017-03-01,,,304
2017-03-02,,,304
2017-03-03,,,334
2017-03-04,,,138
2017-03-05,,,149
2017-03-06,,,355
2017-03-07,,,305
2017-03-08,,,245
2017-03-09,,,260
2017-03-10,,,320
2017-03-11,,,305
2017-03-12,,,227
2017-03-13,,,470
2017-03-14,,,431
2017-03-15,,,479
2017-03-16,,,766
2017-03-17,,,358
2017-03-18,,,527
2017-03-19,,,366
2017-03-20,,,570
2017-03-21,,,429
2017-03-22,,,467
2017-03-23,,,555
2017-03-24,,,555
2017-03-25,,,379
2017-03-26,,,
2017-03-27,,,735
2017-03-28,,,653
2017-03-29,,,718
2017-03-30,,,666
2017-03-31,,,337
2017-04-01,,,235
2017-04-02,,,379
2017-04-03,,,731
2017-04-04,,,863
2017-04-05,,,1100
2017-04-06,,,1197
2017-04-07,,,928
2017-04-08,,,875
2017-04-09,,,698
2017-04-10,,,850
2017-04-11,,,930
2017-04-12,,,855
2017-04-13,,,532
2017-04-14,,,307
2017-04-15,,,343
2017-04-16,,,208
2017-04-17,,,352
2017-04-18,,,914
2017-04-19,,,950
2017-04-20,,,855
2017-04-21,,,802
2017-04-22,,,602
2017-04-23,,,383
2017-04-24,,,1017
2017-04-25,,,606
2017-04-26,,,790
2017-04-27,,,969
2017-04-28,,,931
2017-04-29,,,390
2017-04-30,,,350
2017-05-01,,,597
2017-05-02,,,1255
2017-05-03,,,1300
2017-05-04,,,1316
2017-05-05,,,1197
2017-05-06,,,816
2017-05-07,,,661
2017-05-08,,,1099
2017-05-09,,,949
2017-05-10,,,894
2017-05-11,,,1018
2017-05-12,,,1136
2017-05-13,,,864
2017-05-14,,,537
2017-05-15,,,1160
2017-05-16,,,1337
2017-05-17,,,1168
2017-05-18,,,1128
2017-05-19,,,1384
2017-05-20,,,1169
2017-05-21,,,959
2017-05-22,,,1468
2017-05-23,,,1423
2017-05-24,,,1424
2017-05-25,,,835
2017-05-26,,,1099
2017-05-27,,,811
2017-05-28,,,769
2017-05-29,,,1570
2017-05-30,,,1386
2017-05-31,,,1119
2017-06-01,,,1137
2017-06-02,,,1133
2017-06-03,,,1006
2017-06-04,,,690
2017-06-05,,,784
2017-06-06,,,1582
2017-06-07,,,1542
2017-06-08,,,558
2017-06-09,,,1187
2017-06-10,,,977
2017-06-11,,,791
2017-06-12,,,504
2017-06-13,,,978
2017-06-14,,,1604
2017-06-15,,,1576
2017-06-16,,,1329
2017-06-17,,,910
2017-06-18,,,666
2017-06-19,,,1468
2017-06-20,,,702
2017-06-21,,,1088
2017-06-22,,,937
2017-06-23,,,354
2017-06-24,,,303
2017-06-25,,,494
2017-06-26,,,1244
2017-06-27,,,1111
2017-06-28,,,1388
2017-06-29,,,1359
2017-06-30,,,780
2017-07-01,,,618
2017-07-02,,,666
2017-07-03,,,951
2017-07-04,,,1306
2017-07-05,,,1032
2017-07-06,,,1021
2017-07-07,,,1079
2017-07-08,,,704
2017-07-09,,,715
2017-07-10,,,1266
2017-07-11,,,741
2017-07-12,,,975
2017-07-13,,,702
2017-07-14,,,1034
2017-07-15,,,812
2017-07-16,,,752
2017-07-17,,,747
2017-07-18,,,1064
2017-07-19,,,849
2017-07-20,,,900
2017-07-21,,,990
2017-07-22,,,636
2017-07-23,,,763
2017-07-24,,,1029
2017-07-25,,,993
2017-07-26,,,1180
2017-07-27,,,1171
2017-07-28,,,983
2017-07-29,,,795
2017-07-30,,,875
2017-07-31,,,1087
2017-08-01,,,1569
2017-08-02,,,817
2017-08-03,,,1483
2017-08-04,,,667
2017-08-05,,,865
2017-08-06,,,508
2017-08-07,,,1105
2017-08-08,,,1730
2017-08-09,,,1710
2017-08-10,,,1594
2017-08-11,,,1478
2017-08-12,,,813
2017-08-13,,,742
2017-08-14,,,1863
2017-08-15,,,1901
2017-08-16,,,1677
2017-08-17,,,1392
2017-08-18,,,1535
2017-08-19,,,631
2017-08-20,,,855
2017-08-21,,,1662
2017-08-22,,,1498
2017-08-23,,,1612
2017-08-24,,,1470
2017-08-25,,,1176
2017-08-26,,,1151
2017-08-27,,,684
2017-08-28,,,1458
2017-08-29,,,1468
2017-08-30,,,1424
2017-08-31,,,974
2017-09-01,,,1309
2017-09-02,,,807
2017-09-03,,,652
2017-09-04,,,1464
2017-09-05,,,1469
2017-09-06,,,1279
2017-09-07,,,1085
2017-09-08,,,1228
2017-09-09,,,307
2017-09-10,,,488
2017-09-11,,,1537
2017-09-12,,,840
2017-09-13,,,1428
2017-09-14,,,1013
2017-09-15,,,1185
2017-09-16,,,754
2017-09-17,,,721
2017-09-18,,,1374
2017-09-19,,,1250
2017-09-20,,,1260
2017-09-21,,,1273
2017-09-22,,,994
2017-09-23,,,863
2017-09-24,,,677
2017-09-25,,,1456
2017-09-26,,,1325
2017-09-27,,,1305
2017-09-28,,,1382
2017-09-29,,,1155
2017-09-30,,,749
2017-10-01,,,453
2017-10-02,,,1246
2017-10-03,,,506
2017-10-04,,,785
2017-10-05,,,933
2017-10-06,,,1031
2017-10-07,,,661
2017-10-08,,,259
2017-10-09,,,698
2017-10-10,,,634
2017-10-11,,,1258
2017-10-12,,,899
2017-10-13,,,1123
2017-10-14,,,582
2017-10-15,,,735
2017-10-16,,,791
2017-10-17,,,807
2017-10-18,,,815
2017-10-19,,,802
2017-10-20,,,711
2017-10-21,,,465
2017-10-22,,,333
2017-10-23,,,907
2017-10-24,,,749
2017-10-25,,,759
2017-10-26,,,306
2017-10-27,,,366
2017-10-28,,,196
2017-10-29,,,191
2017-10-30,,,671
2017-10-31,,,685
2017-11-01,,,646
2017-11-02,,,678
2017-11-03,,,725
2017-11-04,,,335
2017-11-05,,,368
2017-11-06,,,715
2017-11-07,,,831
2017-11-08,,,733
2017-11-09,,,656
2017-11-10,,,646
2017-11-11,,,267
2017-11-12,,,228
2017-11-13,,,730
2017-11-14,,,787
2017-11-15,,,662
2017-11-16,,,596
2017-11-17,,,501
2017-11-18,,,306
2017-11-19,,,190
2017-11-20,,,606
2017-11-21,,,406
2017-11-22,,,502
2017-11-23,,,389
2017-11-24,,,445
2017-11-25,,,457
2017-11-26,,,187
2017-11-27,,,538
2017-11-28,,,523
2017-11-29,,,494
2017-11-30,,,509
2017-12-01,,,329
2017-12-02,,,186
2017-12-03,,,146
2017-12-04,,,610
2017-12-05,,,507
2017-12-06,,,122
2017-12-07,,,356
2017-12-08,,,376
2017-12-09,,,297
2017-12-10,,,243
2017-12-11,,,601
2017-12-12,,,241
2017-12-13,,,296
2017-12-14,,,320
2017-12-15,,,216
2017-12-16,,,216
2017-12-17,,,213
2017-12-18,,,448
2017-12-19,,,505
2017-12-20,,,451
2017-12-21,,,483
2017-12-22,,,476
2017-12-23,,,186
2017-12-24,,,82
2017-12-25,,,76
2017-12-26,,,141
2017-12-27,,,346
2017-12-28,,,343
2017-12-29,,,262
2017-12-30,,,246
2017-12-31,,,135
2018-01-01,,,70
2018-01-02,,,384
2018-01-03,,,391
2018-01-04,,,477
2018-01-05,,,431
2018-01-06,,,192
2018-01-07,,,190
2018-01-08,,,450
2018-01-09,,,457
2018-01-10,,,484
2018-01-11,,,439
2018-01-12,,,410
2018-01-13,,,258
2018-01-14,,,249
2018-01-15,,,453
2018-01-16,,,400
2018-01-17,,,379
2018-01-18,,,247
2018-01-19,,,283
2018-01-20,,,189
2018-01-21,,,124
2018-01-22,,,372
2018-01-23,,,316
2018-01-24,,,182
2018-01-25,,,266
2018-01-26,,,402
2018-01-27,,,231
2018-01-28,,,167
2018-01-29,,,390
2018-01-30,,,360
2018-01-31,,,362
2018-02-01,,,134
2018-02-02,,,260
2018-02-03,,,105
2018-02-04,,,82
2018-02-05,,,232
2018-02-06,,,244
2018-02-07,,,242
2018-02-08,,,281
2018-02-09,,,269
2018-02-10,,,155
2018-02-11,,,105
2018-02-12,,,292
2018-02-13,,,249
2018-02-14,,,284
2018-02-15,,,252
2018-02-16,,,268
2018-02-17,,,132
2018-02-18,,,105
2018-02-19,,,186
2018-02-20,,,183
2018-02-21,,,175
2018-02-22,,,202
2018-02-23,,,156
2018-02-24,,,93
2018-02-25,,,68
2018-02-26,,,217
2018-02-27,,,178
2018-02-28,,,163
2018-03-01,,,193
2018-03-02,,,191
2018-03-03,,,90
2018-03-04,,,75
2018-03-05,,,253
2018-03-06,,,265
2018-03-07,,,280
2018-03-08,,,250
2018-03-09,,,237
2018-03-10,,,129
2018-03-11,,,90
2018-03-12,,,284
2018-03-13,,,209
2018-03-14,,,278
2018-03-15,,,238
2018-03-16,,,267
2018-03-17,,,135
2018-03-18,,,118
2018-03-19,,,337
2018-03-20,,,293
2018-03-21,,,270
2018-03-22,,,307
2018-03-23,,,320
2018-03-24,,,179
2018-03-25,,,
2018-03-26,,,378
2018-03-27,,,353
2018-03-28,,,388
2018-03-29,,,341
2018-03-30,,,171
2018-03-31,,,188
2018-04-01,,,151
2018-04-02,,,27
2018-04-03,,,264
2018-04-04,,,357
2018-04-05,,,361
2018-04-06,,,399
2018-04-07,,,419
2018-04-08,,,338
2018-04-09,,,778
2018-04-10,,,669
2018-04-11,,,1059
2018-04-12,,,966
2018-04-13,,,939
2018-04-14,,,1042
2018-04-15,,,755
2018-04-16,,,623
2018-04-17,,,910
2018-04-18,,,1044
2018-04-19,,,1150
2018-04-20,,,1006
2018-04-21,,,607
2018-04-22,,,369
2018-04-23,,,1023
2018-04-24,,,882
2018-04-25,,,818
2018-04-26,,,959
2018-04-27,,,948
2018-04-28,,,747
2018-04-29,,,339
2018-04-30,,,1106
2018-05-01,,,224
2018-05-02,,,846
2018-05-03,,,1117
2018-05-04,,,1149
2018-05-05,,,1005
2018-05-06,,,960
2018-05-07,,,1539
2018-05-08,,,1592
2018-05-09,,,1545
2018-05-10,,,963
2018-05-11,,,1464
2018-05-12,,,1106
2018-05-13,,,885
2018-05-14,,,1710
2018-05-15,,,1876
2018-05-16,,,1686
2018-05-17,,,1587
2018-05-18,,,1449
2018-05-19,,,1385
2018-05-20,,,1057
2018-05-21,,,1827
2018-05-22,,,1814
2018-05-23,,,1674
2018-05-24,,,1755
2018-05-25,,,1665
2018-05-26,,,1191
2018-05-27,,,960
2018-05-28,,,1829
2018-05-29,,,1821
2018-05-30,,,1778
2018-05-31,,,1642
2018-06-01,,,1669
2018-06-02,,,1309
2018-06-03,,,958
2018-06-04,,,1460
2018-06-05,,,1252
2018-06-06,,,1197
2018-06-07,,,1336
2018-06-08,,,1283
2018-06-09,,,944
2018-06-10,,,849
2018-06-11,,,1537
2018-06-12,,,1240
2018-06-13,,,1593
2018-06-14,,,1568
2018-06-15,,,1300
2018-06-16,,,957
2018-06-17,0,0,803
2018-06-18,,0,1502
2018-06-19,1145,0,1075
2018-06-20,1621,,1444
2018-06-21,911,1279,999
2018-06-22,176,193,275
2018-06-23,681,704,329
2018-06-24,551,750,492
2018-06-25,1341,1884,1159
2018-06-26,1936,2775,1460
2018-06-27,2017,2867,1416
2018-06-28,2120,2877,1472
2018-06-29,740,1040,854
2018-06-30,555,780,810
2018-07-01,900,1026,699
2018-07-02,826,1185,916
2018-07-03,593,909,665
2018-07-04,1470,2177,1241
2018-07-05,1064,1529,980
2018-07-06,904,1215,932
2018-07-07,1176,1327,744
2018-07-08,937,1177,584
2018-07-09,1428,1924,1170
2018-07-10,1285,1931,1129
2018-07-11,1386,2002,1119
2018-07-12,1463,1978,1138
2018-07-13,1310,1730,1047
2018-07-14,1000,1367,697
2018-07-15,1253,1366,659
2018-07-16,1664,2063,1018
2018-07-17,1554,2074,1096
2018-07-18,1520,1979,1122
2018-07-19,1366,2008,938
2018-07-20,520,634,520
2018-07-21,696,911,692
2018-07-22,1204,1364,655
2018-07-23,1560,2090,1165
2018-07-24,1613,2119,1234
2018-07-25,1568,2096,1150
2018-07-26,1463,2039,1074
2018-07-27,1287,1586,1153
2018-07-28,834,1132,993
2018-07-29,1025,1094,637
2018-07-30,1812,2411,1304
2018-07-31,1881,2644,1295
2018-08-01,1803,2747,1255
2018-08-02,1788,2551,1252
2018-08-03,1406,1971,1140
2018-08-04,825,1140,815
2018-08-05,1054,1483,836
2018-08-06,1804,2806,1510
2018-08-07,2038,3104,1565
2018-08-08,2140,3149,1610
2018-08-09,2126,3124,1603
2018-08-10,1689,2377,1424
2018-08-11,1018,1365,1041
2018-08-12,543,691,631
2018-08-13,2040,3021,1692
2018-08-14,2128,3235,1736
2018-08-15,1944,2902,1569
2018-08-16,2060,3071,1656
2018-08-17,1870,2576,1609
2018-08-18,909,1326,1021
2018-08-19,877,1112,723
2018-08-20,1364,1860,1121
2018-08-21,1857,2671,1664
2018-08-22,1901,2810,1535
2018-08-23,1488,2271,1376
2018-08-24,1573,2189,1672
2018-08-25,614,939,1340
2018-08-26,642,768,591
2018-08-27,1735,2555,1451
2018-08-28,1719,2493,1464
2018-08-29,1851,2695,1475
2018-08-30,1456,2212,1334
2018-08-31,1290,1913,1357
2018-09-01,370,645,641
2018-09-02,859,1036,724
2018-09-03,1811,2940,1601
2018-09-04,1669,2446,1421
2018-09-05,1490,2196,1435
2018-09-06,1653,2448,1517
2018-09-07,1275,1987,1384
2018-09-08,861,1120,966
2018-09-09,744,1004,646
2018-09-10,1378,2088,1342
2018-09-11,968,1324,922
2018-09-12,1153,1755,1315
2018-09-13,1390,1961,1377
2018-09-14,1063,1486,1318
2018-09-15,207,337,607
2018-09-16,887,1106,745
2018-09-17,875,1191,858
2018-09-18,1325,2042,1312
2018-09-19,1553,2240,1468
2018-09-20,1362,1864,1402
2018-09-21,1141,1551,1230
2018-09-22,269,304,571
2018-09-23,722,865,602
2018-09-24,1290,1863,1257
2018-09-25,1256,1756,1293
2018-09-26,646,885,719
2018-09-27,1000,1364,1123
2018-09-28,882,1267,1111
2018-09-29,359,577,724
2018-09-30,413,462,500
2018-10-01,1231,1864,1164
2018-10-02,1138,1620,1240
2018-10-03,582,810,651
2018-10-04,1218,1445,1124
2018-10-05,605,757,749
2018-10-06,405,567,588
2018-10-07,402,420,534
2018-10-08,782,1127,789
2018-10-09,883,1112,877
2018-10-10,1179,1618,1599
2018-10-11,1135,1493,1423
2018-10-12,823,1197,1232
2018-10-13,420,634,964
2018-10-14,926,891,877
2018-10-15,1111,1582,1006
2018-10-16,991,1437,923
2018-10-17,946,1291,777
2018-10-18,751,942,699
2018-10-19,824,1074,812
2018-10-20,324,469,538
2018-10-21,471,490,502
2018-10-22,860,1208,880
2018-10-23,697,877,725
2018-10-24,726,946,828
2018-10-25,725,1074,835
2018-10-26,678,799,796
2018-10-27,202,219,431
2018-10-28,321,387,1006
2018-10-29,584,756,924
2018-10-30,449,494,624
2018-10-31,696,864,1029
2018-11-01,823,1061,1260
2018-11-02,583,757,924
2018-11-03,231,300,663
2018-11-04,478,472,708
2018-11-05,835,1134,1293
2018-11-06,763,1065,1047
2018-11-07,745,1041,909
2018-11-08,672,910,1080
2018-11-09,606,780,1020
2018-11-10,153,243,486
2018-11-11,235,258,519
2018-11-12,589,765,813
2018-11-13,497,644,744
2018-11-14,657,998,1074
2018-11-15,669,1003,909
2018-11-16,567,755,945
2018-11-17,326,390,675
2018-11-18,361,372,579
2018-11-19,636,927,894
2018-11-20,644,847,756
2018-11-21,584,853,933
2018-11-22,556,732,858
2018-11-23,426,553,834
2018-11-24,222,223,555
2018-11-25,153,178,396
2018-11-26,505,625,669
2018-11-27,447,570,513
2018-11-28,452,526,549
2018-11-29,381,463,558
2018-11-30,285,341,603
2018-12-01,121,164,336
2018-12-02,95,123,366
2018-12-03,462,515,624
2018-12-04,384,400,471
2018-12-05,435,510,783
2018-12-06,135,144,243
2018-12-07,258,348,435
2018-12-08,54,58,162
2018-12-09,120,105,255
2018-12-10,466,561,609
2018-12-11,436,588,696
2018-12-12,447,543,597
2018-12-13,435,492,672
2018-12-14,354,435,573
2018-12-15,103,125,348
2018-12-16,94,84,318
2018-12-17,344,358,354
2018-12-18,358,381,396
2018-12-19,297,373,276
2018-12-20,277,355,327
2018-12-21,195,258,318
2018-12-22,34,36,135
2018-12-23,33,32,99
2018-12-24,25,25,90
2018-12-25,26,30,30
2018-12-26,39,74,177
2018-12-27,120,140,255
2018-12-28,134,134,258
2018-12-29,55,65,216
2018-12-30,76,85,156
2018-12-31,121,160,333
2019-01-01,33,54,138
2019-01-02,205,216,258
2019-01-03,246,277,204
2019-01-04,227,239,252
2019-01-05,50,64,189
2019-01-06,69,70,141
2019-01-07,378,454,321
2019-01-08,283,370,270
2019-01-09,271,368,261
2019-01-10,345,346,369
2019-01-11,303,361,375
2019-01-12,97,109,207
2019-01-13,70,88,150
2019-01-14,337,454,318
2019-01-15,364,390,378
2019-01-16,310,346,351
2019-01-17,144,205,199
2019-01-18,329,308,219
2019-01-19,104,89,118
2019-01-20,56,65,61
2019-01-21,259,269,171
2019-01-22,243,197,149
2019-01-23,341,342,202
2019-01-24,302,322,247
2019-01-25,315,302,196
2019-01-26,41,52,96
2019-01-27,35,23,59
2019-01-28,213,295,228
2019-01-29,119,186,121
2019-01-30,135,224,144
2019-01-31,200,279,203
2019-02-01,211,259,164
2019-02-02,44,51,74
2019-02-03,11,29,27
2019-02-04,213,335,174
2019-02-05,188,209,148
2019-02-06,174,233,140
2019-02-07,136,199,126
2019-02-08,158,201,135
2019-02-09,24,43,35
2019-02-10,18,25,32
2019-02-11,181,231,163
2019-02-12,223,279,163
2019-02-13,224,258,190
2019-02-14,222,280,191
2019-02-15,194,263,153
2019-02-16,61,86,85
2019-02-17,54,83,59
2019-02-18,212,291,138
2019-02-19,220,281,115
2019-02-20,198,282,149
2019-02-21,204,274,147
2019-02-22,171,214,139
2019-02-23,51,63,104
2019-02-24,69,84,78
2019-02-25,353,483,259
2019-02-26,406,466,253
2019-02-27,375,499,292
2019-02-28,361,426,278
2019-03-01,255,326,227
2019-03-02,94,134,142
2019-03-03,106,112,99
2019-03-04,364,425,265
2019-03-05,235,294,202
2019-03-06,256,277,184
2019-03-07,274,286,195
2019-03-08,234,267,215
2019-03-09,82,98,91
2019-03-10,82,102,104
2019-03-11,288,391,265
2019-03-12,284,334,217
2019-03-13,317,403,251
2019-03-14,251,341,233
2019-03-15,218,324,247
2019-03-16,61,90,114
2019-03-17,80,107,123
2019-03-18,340,442,301
2019-03-19,384,443,289
2019-03-20,389,440,332
2019-03-21,408,504,404
2019-03-22,403,504,381
2019-03-23,108,109,236
2019-03-24,327,371,222
2019-03-25,486,722,543
2019-03-26,551,677,514
2019-03-27,515,684,690
2019-03-28,530,756,686
2019-03-29,633,817,761
2019-03-30,363,475,610
2019-03-31,,,
2019-04-01,728,969,713
2019-04-02,832,1016,736
2019-04-03,879,1144,846
2019-04-04,921,1180,829
2019-04-05,879,1092,810
2019-04-06,800,810,640
2019-04-07,828,795,543
2019-04-08,622,753,614
2019-04-09,552,670,545
2019-04-10,592,776,600
2019-04-11,712,891,714
2019-04-12,761,971,793
2019-04-13,433,535,626
2019-04-14,564,579,553
2019-04-15,1115,1453,916
2019-04-16,1309,1626,939
2019-04-17,1245,1575,1026
2019-04-18,1127,1322,983
2019-04-19,822,776,494
2019-04-20,632,588,592
2019-04-21,903,754,437
2019-04-22,974,819,463
2019-04-23,1599,2003,1174
2019-04-24,1671,2217,1261
2019-04-25,1568,2003,1111
2019-04-26,978,1358,931
2019-04-27,1334,1392,928
2019-04-28,799,771,681
2019-04-29,1369,1806,1143
2019-04-30,1172,1368,1009
2019-05-01,993,997,480
2019-05-02,689,772,606
2019-05-03,591,750,718
2019-05-04,327,359,405
2019-05-05,829,828,492
2019-05-06,1588,1891,1079
2019-05-07,1451,1765,1149
2019-05-08,1420,1760,1165
2019-05-09,1391,1761,1067
2019-05-10,795,954,798
2019-05-11,362,386,465
2019-05-12,810,795,505
2019-05-13,1374,1754,1087
2019-05-14,1585,1829,1157
2019-05-15,1706,2016,1375
2019-05-16,1726,1995,1235
2019-05-17,1620,1740,1113
2019-05-18,1331,1346,1041
2019-05-19,1498,1516,822
2019-05-20,1841,2283,1381
2019-05-21,1947,2371,1431
2019-05-22,1900,2477,1372
2019-05-23,1420,1746,1199
2019-05-24,753,925,833
2019-05-25,406,549,586
2019-05-26,222,266,319
2019-05-27,1368,1680,973
2019-05-28,1437,1873,1047
2019-05-29,1168,1391,1174
2019-05-30,1161,1333,850
2019-05-31,820,880,926
2019-06-01,703,723,894
2019-06-02,714,762,562
2019-06-03,1794,2363,1263
2019-06-04,1450,1753,935
2019-06-05,2183,2761,1336
2019-06-06,2218,2842,1329
2019-06-07,1826,2110,1056
2019-06-08,1447,1493,872
2019-06-09,1356,1391,689
2019-06-10,1861,2359,1172
2019-06-11,2196,2696,1281
2019-06-12,1722,2161,1148
2019-06-13,1048,1376,799
2019-06-14,1068,1302,954
2019-06-15,1020,1177,849
2019-06-16,1645,1545,754
2019-06-17,2002,2621,1304
2019-06-18,2253,2718,1345
2019-06-19,1877,2357,1264
2019-06-20,1530,1684,1058
2019-06-21,908,786,441
2019-06-22,688,609,332
2019-06-23,876,999,549
2019-06-24,1862,2285,1220
2019-06-25,1932,2315,1187
2019-06-26,1152,1416,976
2019-06-27,905,1008,812
2019-06-28,1597,1843,1085
2019-06-29,771,950,707
2019-06-30,1282,1235,658
2019-07-01,1749,2008,1298
2019-07-02,999,1059,747
2019-07-03,1048,1213,915
2019-07-04,1334,1616,994
2019-07-05,662,693,654
2019-07-06,437,512,538
2019-07-07,653,650,437
2019-07-08,1072,1200,862
2019-07-09,1010,1111,756
2019-07-10,1552,1820,957
2019-07-11,943,1028,759
2019-07-12,1058,1108,826
2019-07-13,989,1029,686
2019-07-14,992,948,510
2019-07-15,1112,1466,893
2019-07-16,612,684,610
2019-07-17,1355,1626,922
2019-07-18,1414,1685,1010
2019-07-19,1144,1236,890
2019-07-20,1015,1123,786
2019-07-21,1375,1299,596
2019-07-22,1114,1299,913
2019-07-23,1543,1787,1045
2019-07-24,1667,1729,1055
2019-07-25,1665,1666,1004
2019-07-26,1331,1451,1039
2019-07-27,1088,1091,842
2019-07-28,1148,1112,592
2019-07-29,1430,1746,1171
2019-07-30,1176,1445,970
2019-07-31,1522,1774,1099
2019-08-01,1441,1796,1208
2019-08-02,1202,1456,1078
2019-08-03,655,899,781
2019-08-04,898,879,619
2019-08-05,1834,2334,1265
2019-08-06,1633,2096,1228
2019-08-07,1319,1808,1273
2019-08-08,1636,2110,1361
2019-08-09,1255,1566,1122
2019-08-10,1202,1310,908
2019-08-11,365,380,396
2019-08-12,1747,2129,1293
2019-08-13,2018,2501,1516
2019-08-14,1190,1559,1046
2019-08-15,1617,2019,1338
2019-08-16,1428,1838,1275
2019-08-17,1077,1090,869
2019-08-18,992,1032,641
2019-08-19,1060,1316,920
2019-08-20,1974,2396,1388
2019-08-21,1744,2223,1329
2019-08-22,1666,2190,1396
2019-08-23,487,527,513
2019-08-24,892,1071,830
2019-08-25,1324,1194,692
2019-08-26,1959,2479,1405
2019-08-27,2068,2575,1488
2019-08-28,2140,2666,1458
2019-08-29,1992,2251,1470
2019-08-30,1159,1277,1330
2019-08-31,818,1033,1918
2019-09-01,1220,1257,671
2019-09-02,1620,2004,1282
2019-09-03,1614,2001,1375
2019-09-04,1401,1790,1309
2019-09-05,1162,1439,1114
2019-09-06,848,1017,947
2019-09-07,526,610,696
2019-09-08,633,615,468
2019-09-09,1130,1525,1083
2019-09-10,1919,2522,1450
2019-09-11,1066,1178,941
2019-09-12,915,997,902
2019-09-13,884,989,819
2019-09-14,503,616,617
2019-09-15,175,199,303
2019-09-16,1247,1429,1090
2019-09-17,1332,1572,1136
2019-09-18,1206,1385,1047
2019-09-19,1032,1275,1060
2019-09-20,954,1124,988
2019-09-21,251,370,546
2019-09-22,652,615,561
2019-09-23,1134,1313,1007
2019-09-24,1081,1313,940
2019-09-25,765,918,843
2019-09-26,1152,1321,1070
2019-09-27,868,1075,962
2019-09-28,697,637,780
2019-09-29,399,355,437
2019-09-30,1028,1206,1041
2019-10-01,809,946,957
2019-10-02,889,1116,1156
2019-10-03,684,760,792
2019-10-04,588,660,889
2019-10-05,325,346,668
2019-10-06,367,349,604
2019-10-07,846,1026,827
2019-10-08,884,1153,884
2019-10-09,860,985,894
2019-10-10,866,1013,899
2019-10-11,555,641,707
2019-10-12,270,290,569
2019-10-13,500,460,462
2019-10-14,501,573,475
2019-10-15,734,926,713
2019-10-16,633,765,650
2019-10-17,461,560,571
2019-10-18,504,603,566
2019-10-19,232,265,366
2019-10-20,313,327,295
2019-10-21,879,1024,819
2019-10-22,881,919,761
2019-10-23,790,1104,897
2019-10-24,795,950,1231
2019-10-25,622,644,803
2019-10-26,137,137,384
2019-10-27,116,127,240
2019-10-28,814,712,721
2019-10-29,830,730,622
2019-10-30,794,642,583
2019-10-31,705,670,630
2019-11-01,473,493,539
2019-11-02,172,126,264
2019-11-03,240,223,295
2019-11-04,761,720,574
2019-11-05,836,623,566
2019-11-06,773,540,564
2019-11-07,709,392,354
2019-11-08,290,321,341
2019-11-09,170,183,326
2019-11-10,116,123,156
2019-11-11,743,679,575
2019-11-12,820,637,560
2019-11-13,452,367,342
2019-11-14,670,444,451
2019-11-15,515,635,532
2019-11-16,144,180,318
2019-11-17,202,200,221
2019-11-18,801,734,555
2019-11-19,842,632,563
2019-11-20,830,652,598
2019-11-21,621,660,551
2019-11-22,442,457,472
2019-11-23,171,186,395
2019-11-24,244,173,286
2019-11-25,764,779,592
2019-11-26,541,621,527
2019-11-27,458,474,425
2019-11-28,383,349,334
2019-11-29,295,276,352
2019-11-30,86,94,151
2019-12-01,90,85,99
2019-12-02,422,434,357
2019-12-03,460,412,358
2019-12-04,458,466,448
2019-12-05,430,391,447
2019-12-06,84,88,114
2019-12-07,58,45,169
2019-12-08,168,172,212
2019-12-09,404,464,422
2019-12-10,410,373,344
2019-12-11,347,385,349
2019-12-12,424,396,422
2019-12-13,329,341,381
2019-12-14,104,91,229
2019-12-15,79,79,165
2019-12-16,471,545,527
2019-12-17,474,569,524
2019-12-18,280,288,307
2019-12-19,455,492,508
2019-12-20,354,354,419
2019-12-21,138,119,328
2019-12-22,100,92,200
2019-12-23,179,221,425
2019-12-24,56,49,108
2019-12-25,91,99,65
2019-12-26,113,111,156
2019-12-27,154,111,134
2019-12-28,81,68,164
2019-12-29,81,72,148
2019-12-30,293,326,312
2019-12-31,259,214,287
2020-01-01,128,163,108
2020-01-02,425,485,362
2020-01-03,271,251,250
2020-01-04,154,162,221
2020-01-05,143,136,185
2020-01-06,70,113,133
2020-01-07,547,581,445
2020-01-08,440,450,363
2020-01-09,594,573,493
2020-01-10,444,481,412
2020-01-11,139,135,211
2020-01-12,134,122,178
2020-01-13,569,686,489
2020-01-14,423,587,495
2020-01-15,236,360,341
2020-01-16,401,608,550
2020-01-17,473,526,468
2020-01-18,119,124,212
2020-01-19,445,203,251
2020-01-20,565,670,533
2020-01-21,622,637,520
2020-01-22,513,516,414
2020-01-23,435,417,408
2020-01-24,405,432,400
2020-01-25,146,163,247
2020-01-26,207,198,184
2020-01-27,412,468,363
2020-01-28,374,407,378
2020-01-29,401,436,380
2020-01-30,358,383,343
2020-01-31,427,405,469
2020-02-01,90,95,221
2020-02-02,149,148,204
2020-02-03,477,513,454
2020-02-04,468,470,415
2020-02-05,441,403,399
2020-02-06,412,392,432
2020-02-07,316,314,353
2020-02-08,69,106,227
2020-02-09,95,92,145
2020-02-10,287,258,333
2020-02-11,532,470,458
2020-02-12,388,441,390
2020-02-13,474,472,488
2020-02-14,400,377,434
2020-02-15,91,111,181
2020-02-16,41,41,100
2020-02-17,288,335,339
2020-02-18,663,405,371
2020-02-19,441,452,349
2020-02-20,420,374,364
2020-02-21,262,227,274
2020-02-22,32,36,103
2020-02-23,337,249,212
2020-02-24,592,591,504
2020-02-25,550,525,486
2020-02-26,460,502,484
2020-02-27,440,467,454
2020-02-28,391,390,404
2020-02-29,111,127,242
2020-03-01,50,60,105
2020-03-02,442,506,466
2020-03-03,498,489,433
2020-03-04,324,328,297
2020-03-05,469,507,486
2020-03-06,473,536,454
2020-03-07,206,284,325
2020-03-08,396,319,307
2020-03-09,605,683,520
2020-03-10,406,429,369
2020-03-11,339,359,356
2020-03-12,515,518,454
2020-03-13,435,389,409
2020-03-14,287,263,299
2020-03-15,390,304,227
2020-03-16,365,343,346
2020-03-17,474,441,407
2020-03-18,463,385,311
2020-03-19,736,714,456
2020-03-20,588,486,354
2020-03-21,329,267,166
2020-03-22,697,589,211
2020-03-23,520,471,314
2020-03-24,608,501,347
2020-03-25,612,510,393
2020-03-26,876,843,487
2020-03-27,741,728,491
2020-03-28,1361,1207,508
2020-03-29,,,380
2020-03-30,615,548,366
2020-03-31,476,468,377
2020-04-01,820,846,485
2020-04-02,631,561,450
2020-04-03,318,317,327
2020-04-04,1175,1204,567
2020-04-05,1394,1338,451
2020-04-06,1062,993,616
2020-04-07,1170,1158,622
2020-04-08,1195,1233,697
2020-04-09,930,948,610
2020-04-10,1511,1459,477
2020-04-11,1405,1468,571
2020-04-12,191,191,119
2020-04-13,1661,1541,565
2020-04-14,442,419,430
2020-04-15,585,551,385
2020-04-16,484,482,382
2020-04-17,820,870,601
2020-04-18,1481,1539,720
2020-04-19,1625,1589,547
2020-04-20,1138,1184,755
2020-04-21,2090,2136,903
2020-04-22,1544,1519,788
2020-04-23,1413,1530,790
2020-04-24,923,948,741
2020-04-25,1427,1570,756
2020-04-26,1236,1313,478
2020-04-27,1195,1068,733
2020-04-28,1190,1047,791
2020-04-29,743,716,589
2020-04-30,1058,947,820
2020-05-01,1248,1037,445
2020-05-02,1024,930,553
2020-05-03,1895,1824,702
2020-05-04,1146,1080,764
2020-05-05,1988,2024,1055
2020-05-06,1769,1842,895
2020-05-07,1614,1516,930
2020-05-08,1384,1380,988
2020-05-09,1935,1963,1001
2020-05-10,1842,1770,609
2020-05-11,559,409,396
2020-05-12,1253,1267,745
2020-05-13,1103,1012,732
2020-05-14,1393,1427,1055
2020-05-15,946,1040,913
2020-05-16,408,433,404
2020-05-17,1073,1025,447
2020-05-18,1445,1484,998
2020-05-19,1237,1374,1011
2020-05-20,1301,1331,1033
2020-05-21,1588,1785,692
2020-05-22,1785,1665,1229
2020-05-23,2122,2112,1046
2020-05-24,1373,1287,596
2020-05-25,1729,1829,1248
2020-05-26,2560,2573,1472
2020-05-27,2189,2231,1366
2020-05-28,1365,1476,1144
2020-05-29,1866,2004,1576
2020-05-30,2082,1983,1189
2020-05-31,2445,2381,962
2020-06-01,1592,1840,1209
2020-06-02,1995,2399,1384
2020-06-03,2074,2217,1368
2020-06-04,1234,1321,973
2020-06-05,1044,1020,862
2020-06-06,776,929,794
2020-06-07,2074,2005,899
2020-06-08,991,1139,865
2020-06-09,1766,1921,1296
2020-06-10,2344,2662,1470
2020-06-11,2337,2469,1510
2020-06-12,2038,2058,1471
2020-06-13,2181,2185,1232
2020-06-14,2200,2196,898
2020-06-15,2160,2204,1408
2020-06-16,1836,1915,1295
2020-06-17,1936,2207,1441
2020-06-18,1163,1092,913
2020-06-19,1314,1087,524
2020-06-20,1329,1014,440
2020-06-21,1353,1155,566
2020-06-22,1823,1938,1368
2020-06-23,2301,2518,1436
2020-06-24,2393,2482,1393
2020-06-25,2236,2477,1392
2020-06-26,1798,2044,1275
2020-06-27,1860,2087,974
2020-06-28,1940,1891,840
2020-06-29,1260,1432,1067
2020-06-30,540,529,459
2020-07-01,920,989,976
2020-07-02,1202,1593,1065
2020-07-03,1368,1718,1234
2020-07-04,435,572,505
2020-07-05,786,939,571
2020-07-06,1035,1136,971
2020-07-07,1049,1199,981
2020-07-08,1164,1313,991
2020-07-09,1131,1262,1077
2020-07-10,1397,1602,1211
2020-07-11,248,295,344
2020-07-12,1646,1755,787
2020-07-13,872,1017,918
2020-07-14,1387,1637,1152
2020-07-15,1540,1747,1112
2020-07-16,1419,1527,1076
2020-07-17,1315,1459,1075
2020-07-18,1228,1441,807
2020-07-19,1399,1426,668
2020-07-20,1264,1362,1004
2020-07-21,1355,1437,973
2020-07-22,1029,1230,949
2020-07-23,832,842,901
2020-07-24,547,612,627
2020-07-25,783,938,741
2020-07-26,1656,1720,688
2020-07-27,1630,1782,1098
2020-07-28,711,813,734
2020-07-29,980,1001,826
2020-07-30,1140,1303,1041
2020-07-31,1285,1375,1056
2020-08-01,1154,1428,897
2020-08-02,998,1047,646
2020-08-03,1238,1348,911
2020-08-04,1315,1637,1024
2020-08-05,1791,2144,1332
2020-08-06,1367,1615,1154
2020-08-07,1517,1677,1226
2020-08-08,1743,1979,1071
2020-08-09,1683,1880,905
2020-08-10,1931,2430,1445
2020-08-11,1843,2293,1491
2020-08-12,1640,2155,1359
2020-08-13,1490,1926,1344
2020-08-14,1519,1817,1380
2020-08-15,1544,1893,1145
2020-08-16,1933,2073,999
2020-08-17,1994,2401,1588
2020-08-18,2064,2525,1591
2020-08-19,2080,2551,1528
2020-08-20,2059,2404,1488
2020-08-21,1927,2269,1537
2020-08-22,297,412,446
2020-08-23,1534,1729,856
2020-08-24,1251,1379,1104
2020-08-25,1612,1956,1359
2020-08-26,1630,2137,1394
2020-08-27,1625,2060,1468
2020-08-28,1330,1678,1376
2020-08-29,977,1205,1052
2020-08-30,453,493,417
2020-08-31,1056,1354,1007
2020-09-01,1895,2338,1415
2020-09-02,1521,1938,1327
2020-09-03,1145,1299,1048
2020-09-04,1016,1185,1066
2020-09-05,577,598,601
2020-09-06,707,838,591
2020-09-07,1364,1639,1191
2020-09-08,885,927,812
2020-09-09,1012,1204,978
2020-09-10,1164,1364,1098
2020-09-11,1122,1480,1254
2020-09-12,211,293,407
2020-09-13,1146,1197,639
2020-09-14,1522,1847,1279
2020-09-15,1566,1831,1256
2020-09-16,1069,1218,986
2020-09-17,499,406,572
2020-09-18,1109,1251,1212
2020-09-19,838,1003,870
2020-09-20,981,1056,746
2020-09-21,1306,1385,1173
2020-09-22,1424,1618,1275
2020-09-23,1469,1677,1263
2020-09-24,1626,1711,1245
2020-09-25,372,1042,1168
2020-09-26,0,1187,904
2020-09-27,0,1320,828
2020-09-28,0,1650,1228
2020-09-29,0,1399,1162
2020-09-30,0,1471,1364
2020-10-01,0,1569,1321
2020-10-02,0,1250,1441
2020-10-03,0,1002,889
2020-10-04,0,311,400
2020-10-05,0,1676,1197
2020-10-06,0,948,948
2020-10-07,0,1503,1175
2020-10-08,0,1013,985
2020-10-09,0,750,862
2020-10-10,0,1046,859
2020-10-11,0,641,545
2020-10-12,0,996,889
2020-10-13,0,1113,954
2020-10-14,0,1050,956
2020-10-15,0,951,789
2020-10-16,0,656,737
2020-10-17,0,668,560
2020-10-18,0,548,402
2020-10-19,0,715,775
2020-10-20,0,832,779
2020-10-21,0,519,659
2020-10-22,0,398,504
2020-10-23,0,671,775
2020-10-24,0,623,564
2020-10-25,0,580,366
2020-10-26,0,860,697
2020-10-27,0,638,668
2020-10-28,0,979,819
2020-10-29,0,930,875
2020-10-30,0,772,844
2020-10-31,0,509,409
2020-11-01,0,479,380
2020-11-02,0,594,661
2020-11-03,0,841,826
2020-11-04,,747,649
2020-11-05,655,795,787
2020-11-06,683,897,885
2020-11-07,696,759,590
2020-11-08,629,526,338
2020-11-09,687,854,744
2020-11-10,660,776,693
2020-11-11,610,656,631
2020-11-12,771,831,723
2020-11-13,642,675,812
2020-11-14,417,506,514
2020-11-15,487,445,401
2020-11-16,565,689,612
2020-11-17,514,487,570
2020-11-18,727,729,708
2020-11-19,359,348,341
2020-11-20,316,346,427
2020-11-21,162,206,271
2020-11-22,544,491,369
2020-11-23,650,717,656
2020-11-24,623,674,633
2020-11-25,488,453,521
2020-11-26,550,546,541
2020-11-27,475,440,593
2020-11-28,327,353,398
2020-11-29,171,183,186
2020-11-30,365,341,339
2020-12-01,484,451,420
2020-12-02,579,523,575
2020-12-03,480,463,474
2020-12-04,372,381,380
2020-12-05,246,272,364
2020-12-06,295,334,274
2020-12-07,558,566,506
2020-12-08,526,533,547
2020-12-09,476,498,486
2020-12-10,477,444,485
2020-12-11,340,374,437
2020-12-12,255,265,341
2020-12-13,255,269,232
2020-12-14,484,449,463
2020-12-15,470,420,454
2020-12-16,349,337,408
2020-12-17,475,435,551
2020-12-18,330,252,305
2020-12-19,252,323,318
2020-12-20,235,231,229
2020-12-21,407,360,494
2020-12-22,396,373,545
2020-12-23,201,181,356
2020-12-24,176,122,167
2020-12-25,135,152,104
2020-12-26,216,181,168
2020-12-27,109,122,186
2020-12-28,238,271,328
2020-12-29,203,156,221
2020-12-30,200,176,264
2020-12-31,240,189,274
2021-01-01,257,241,174
2021-01-02,192,203,202
2021-01-03,98,108,81
2021-01-04,260,232,196
2021-01-05,281,250,241
2021-01-06,122,139,138
2021-01-07,306,292,257
2021-01-08,287,288,273
2021-01-09,120,129,166
2021-01-10,88,110,107
2021-01-11,267,285,240
2021-01-12,135,125,136
2021-01-13,90,144,88
2021-01-14,156,144,105
2021-01-15,108,100,86
2021-01-16,51,58,73
2021-01-17,81,65,74
2021-01-18,268,248,182
2021-01-19,279,257,184
2021-01-20,216,231,178
2021-01-21,135,126,111
2021-01-22,123,152,146
2021-01-23,44,116,98
2021-01-24,61,128,93
2021-01-25,185,260,171
2021-01-26,245,253,195
2021-01-27,219,242,192
2021-01-28,240,251,196
2021-01-29,213,246,185
2021-01-30,49,104,71
2021-01-31,49,79,42
2021-02-01,201,222,159
2021-02-02,250,250,199
2021-02-03,146,182,150
2021-02-04,191,184,150
2021-02-05,153,134,152
2021-02-06,59,60,81
2021-02-07,69,71,71
2021-02-08,278,239,197
2021-02-09,239,186,168
2021-02-10,213,216,165
2021-02-11,172,131,144
2021-02-12,161,108,119
2021-02-13,104,86,99
2021-02-14,113,92,77
2021-02-15,229,219,225
2021-02-16,292,269,202
2021-02-17,183,184,148
2021-02-18,165,138,157
2021-02-19,198,189,180
2021-02-20,82,105,85
2021-02-21,47,71,59
2021-02-22,124,142,113
2021-02-23,111,85,77
2021-02-24,135,120,101
2021-02-25,108,168,101
2021-02-26,116,203,138
2021-02-27,122,239,116
2021-02-28,183,336,131
2021-03-01,330,398,238
2021-03-02,356,512,273
2021-03-03,319,478,312
2021-03-04,289,320,229
2021-03-05,297,293,263
2021-03-06,60,111,123
2021-03-07,78,101,81
2021-03-08,261,275,206
2021-03-09,148,147,127
2021-03-10,132,138,130
2021-03-11,240,182,181
2021-03-12,133,152,132
2021-03-13,113,159,101
2021-03-14,53,103,39
2021-03-15,182,260,189
2021-03-16,244,298,218
2021-03-17,225,305,196
2021-03-18,288,299,203
2021-03-19,262,280,210
2021-03-20,83,101,107
2021-03-21,157,237,104
2021-03-22,341,423,304
2021-03-23,417,513,281
2021-03-24,313,405,324
2021-03-25,454,629,426
2021-03-26,441,560,379
2021-03-27,660,911,416
2021-03-28,521,649,274
2021-03-29,359,341,310
2021-03-30,667,725,426
2021-03-31,677,749,472
2021-04-01,858,922,581
2021-04-02,695,765,311
2021-04-03,778,901,432
2021-04-04,1026,1057,431
2021-04-05,138,158,164
2021-04-06,572,588,483
2021-04-07,761,839,512
2021-04-08,1066,1208,736
2021-04-09,277,269,295
2021-04-10,367,419,304
2021-04-11,1874,1781,608
2021-04-12,1040,1174,716
2021-04-13,1087,1171,745
2021-04-14,1235,1371,936
2021-04-15,1340,1408,904
2021-04-16,1268,1314,891
2021-04-17,1890,1838,935
2021-04-18,2144,2001,752
2021-04-19,1534,1670,1091
2021-04-20,1478,1602,1059
2021-04-21,1576,1774,1027
2021-04-22,1286,1439,1025
2021-04-23,405,392,462
2021-04-24,327,350,368
2021-04-25,712,692,475
2021-04-26,795,778,681
2021-04-27,1030,1139,772
2021-04-28,1051,1269,872
2021-04-29,1063,1242,997
2021-04-30,1032,1062,1083
2021-05-01,1093,869,598
2021-05-02,1638,1435,729
2021-05-03,1093,1228,973
2021-05-04,1375,1470,1052
2021-05-05,510,517,582
2021-05-06,731,862,879
2021-05-07,813,872,854
2021-05-08,894,1067,763
2021-05-09,1233,1304,627
2021-05-10,1237,1283,986
2021-05-11,2233,2311,1364
2021-05-12,1959,2027,1375
2021-05-13,2263,2107,1047
2021-05-14,1180,1378,1101
2021-05-15,1120,1094,678
2021-05-16,1948,1803,1002
2021-05-17,779,870,802
2021-05-18,1099,1191,1004
2021-05-19,790,852,817
2021-05-20,1096,1159,950
2021-05-21,798,767,779
2021-05-22,1469,1497,1111
2021-05-23,1292,1187,720
2021-05-24,1653,1780,1283
2021-05-25,1677,1906,1232
2021-05-26,430,321,388
2021-05-27,1121,1312,1022
2021-05-28,1463,1514,1369
2021-05-29,1535,1535,1073
2021-05-30,1774,1654,858
2021-05-31,1211,1377,1133
2021-06-01,1937,2142,1360
2021-06-02,2036,2258,1406
2021-06-03,1847,2023,1379
2021-06-04,1790,2046,1454
2021-06-05,1695,1709,1301
2021-06-06,1596,1492,810
2021-06-07,944,1736,3208
2021-06-08,1243,2385,3742
2021-06-09,1480,2366,3471
2021-06-10,1556,2383,3590
2021-06-11,1446,2087,3412
2021-06-12,697,1079,2427
2021-06-13,800,1019,2223
2021-06-14,1379,1839,4018
2021-06-15,1592,1791,4425
2021-06-16,1723,2063,3449
2021-06-17,1777,2036,3344
2021-06-18,1800,1857,3234
2021-06-19,1790,1859,2432
2021-06-20,2036,1799,2031
2021-06-21,2078,2188,3150
2021-06-22,1963,2141,2970
2021-06-23,1208,1493,2537
2021-06-24,1133,1408,2701
2021-06-25,937,943,1262
2021-06-26,1116,998,1024
2021-06-27,1027,1084,1433
2021-06-28,1602,1966,3104
2021-06-29,1722,2041,3113
2021-06-30,1225,1617,2540
2021-07-01,1561,2012,3049
2021-07-02,1375,1669,3075
2021-07-03,1438,1688,2315
2021-07-04,1713,1732,1780
2021-07-05,1578,1775,2809
2021-07-06,1401,1639,2656
2021-07-07,1602,1745,2851
2021-07-08,1056,1220,2248
2021-07-09,1186,1546,2613
2021-07-10,1271,1425,1922
2021-07-11,1431,1432,1722
2021-07-12,1419,1547,2706
2021-07-13,1516,1799,2534
2021-07-14,1432,1632,2334
2021-07-15,1276,1545,2260
2021-07-16,1104,1371,2383
2021-07-17,1197,1355,2062
2021-07-18,1179,1288,1602
2021-07-19,1193,1383,2589
2021-07-20,831,1031,2243
2021-07-21,1120,1324,2509
2021-07-22,1087,1206,2476
2021-07-23,997,1095,2333
2021-07-24,1023,1252,1973
2021-07-25,1389,1450,1923
2021-07-26,1504,1724,2644
2021-07-27,1691,1895,2508
2021-07-28,440,689,1911
2021-07-29,992,1439,2445
2021-07-30,239,388,1634
2021-07-31,1213,1378,2254
2021-08-01,829,1043,1594
2021-08-02,1279,1603,2830
2021-08-03,1044,1383,2718
2021-08-04,987,1646,2749
2021-08-05,1392,1733,2947
2021-08-06,1341,2291,2884
2021-08-07,240,280,1218
2021-08-08,1139,1205,2004
2021-08-09,1094,1379,2802
2021-08-10,1469,1835,3239
2021-08-11,1338,1789,3135
2021-08-12,1064,1344,2643
2021-08-13,1367,1742,3134
2021-08-14,807,936,2103
2021-08-15,642,654,1572
2021-08-16,1325,1725,3139
2021-08-17,716,856,2191
2021-08-18,688,791,2347
2021-08-19,680,728,2343
2021-08-20,1167,1580,3176
2021-08-21,537,743,1989
2021-08-22,905,1005,1814
2021-08-23,1216,1391,2935
2021-08-24,1360,1574,2942
2021-08-25,300,311,1346
2021-08-26,465,521,1969
2021-08-27,685,828,2378
2021-08-28,887,1185,2740
2021-08-29,1081,1171,1845
2021-08-30,1528,1854,3223
2021-08-31,1597,1893,3099
2021-09-01,1240,1449,2855
2021-09-02,951,1189,2745
2021-09-03,775,887,2611
2021-09-04,731,794,2193
2021-09-05,741,771,1612
2021-09-06,1069,1369,2819
2021-09-07,1217,1363,2789
2021-09-08,1013,1227,2709
2021-09-09,1239,1485,3062
2021-09-10,1038,1215,2866
2021-09-11,716,866,2099
2021-09-12,232,275,1124
2021-09-13,857,997,2740
2021-09-14,1077,1270,2759
2021-09-15,1061,1229,2719
2021-09-16,1016,1858,2649
2021-09-17,790,1382,2526
2021-09-18,423,613,2344
2021-09-19,585,613,1620
2021-09-20,905,1080,2657
2021-09-21,943,1165,2512
2021-09-22,969,1221,2861
2021-09-23,837,915,2461
2021-09-24,378,407,1980
2021-09-25,523,579,2144
2021-09-26,1159,1108,1869
2021-09-27,1135,1405,2638
2021-09-28,1008,1221,2580
2021-09-29,966,1062,2987
2021-09-30,871,1023,2693
2021-10-01,606,693,2584
2021-10-02,684,703,2418
2021-10-03,868,889,1955
2021-10-04,1073,1190,2578
2021-10-05,608,588,1935
2021-10-06,1035,1163,2790
2021-10-07,813,903,2323
2021-10-08,784,877,2619
2021-10-09,411,494,1961
2021-10-10,426,449,1499
2021-10-11,849,908,2472
2021-10-12,546,720,2231
2021-10-13,794,898,2594
2021-10-14,864,951,2546
2021-10-15,409,441,1954
2021-10-16,524,540,2156
2021-10-17,567,579,1564
2021-10-18,684,723,2176
2021-10-19,660,813,2263
2021-10-20,249,256,1262
2021-10-21,627,588,2204
2021-10-22,273,229,1547
2021-10-23,210,253,1723
2021-10-24,384,317,1402
2021-10-25,714,839,2330
2021-10-26,798,944,2488
2021-10-27,652,625,2156
2021-10-28,613,694,2181
2021-10-29,620,718,2425
2021-10-30,431,488,2124
2021-10-31,515,551,1662
2021-11-01,954,1081,2541
2021-11-02,931,1146,2511
2021-11-03,482,471,1978
2021-11-04,703,763,2420
2021-11-05,339,348,1720
2021-11-06,424,435,1863
2021-11-07,224,229,1174
2021-11-08,634,686,2256
2021-11-09,472,486,2031
2021-11-10,480,493,1927
2021-11-11,676,736,2366
2021-11-12,543,596,2487
2021-11-13,285,313,2136
2021-11-14,336,358,1523
2021-11-15,543,565,2219
2021-11-16,662,692,2419
2021-11-17,522,515,2128
2021-11-18,439,486,2031
2021-11-19,374,407,2185
2021-11-20,276,305,2399
2021-11-21,256,230,1507
2021-11-22,452,459,2237
2021-11-23,301,330,2088
2021-11-24,358,401,2092
2021-11-25,311,356,1854
2021-11-26,261,245,1943
2021-11-27,123,117,1716
2021-11-28,108,101,1351
2021-11-29,290,259,1798
2021-11-30,281,237,1951
2021-12-01,228,213,1961
2021-12-02,282,237,1844
2021-12-03,211,193,1753
2021-12-04,74,91,1557
2021-12-05,48,57,1075
2021-12-06,41,49,993
2021-12-07,229,159,1625
2021-12-08,187,130,1664
2021-12-09,256,234,1702
2021-12-10,225,177,1832
2021-12-11,65,90,1510
2021-12-12,48,67,1167
2021-12-13,254,218,1739
2021-12-14,182,201,1479
2021-12-15,261,261,1719
2021-12-16,321,349,2003
2021-12-17,279,305,2090
2021-12-18,128,183,1592
2021-12-19,143,143,1435
2021-12-20,242,222,1736
2021-12-21,211,158,1657
2021-12-22,153,137,1732
2021-12-23,129,109,1545
2021-12-24,30,40,645
2021-12-25,24,23,547
2021-12-26,31,26,735
2021-12-27,100,69,1196
2021-12-28,165,114,1329
2021-12-29,167,114,1196
2021-12-30,162,113,1351
2021-12-31,97,75,1355
2022-01-01,48,59,823
2022-01-02,55,61,948
2022-01-03,169,167,1320
2022-01-04,159,148,1379
2022-01-05,161,132,1326
2022-01-06,67,93,778
2022-01-07,151,116,1303
2022-01-08,59,67,1217
2022-01-09,60,91,970
2022-01-10,207,194,1423
2022-01-11,199,169,1391
2022-01-12,266,228,1546
2022-01-13,220,222,1670
2022-01-14,165,163,1494
2022-01-15,85,131,1475
2022-01-16,41,85,1072
2022-01-17,152,183,1274
2022-01-18,197,243,1589
2022-01-19,237,250,1489
2022-01-20,134,162,1182
2022-01-21,162,160,1452
2022-01-22,57,74,1489
2022-01-23,41,55,1241
2022-01-24,213,210,1318
2022-01-25,215,253,1504
2022-01-26,186,223,1317
2022-01-27,180,195,1411
2022-01-28,143,170,1498
2022-01-29,41,71,1201
2022-01-30,27,38,926
2022-01-31,86,144,1482
2022-02-01,136,176,1616
2022-02-02,122,225,1604
2022-02-03,145,192,1517
2022-02-04,101,156,1554
2022-02-05,6,38,1308
2022-02-06,10,39,984
2022-02-07,108,184,1644
2022-02-08,133,217,1475
2022-02-09,99,185,1593
2022-02-10,142,192,1692
2022-02-11,134,180,1598
2022-02-12,49,97,1369
2022-02-13,21,47,899
2022-02-14,114,151,1310
2022-02-15,103,131,1349
2022-02-16,112,141,1463
2022-02-17,85,113,1118
2022-02-18,95,130,1575
2022-02-19,37,40,1246
2022-02-20,53,73,1005
2022-02-21,83,89,836
2022-02-22,23,59,40
2022-02-23,65,114,911
2022-02-24,64,96,1257
2022-02-25,56,64,1167
2022-02-26,26,75,1100
2022-02-27,18,47,977
2022-02-28,120,176,1575
2022-03-01,156,248,1581
2022-03-02,129,258,1520
2022-03-03,183,255,1574
2022-03-04,134,190,1452
2022-03-05,46,106,1432
2022-03-06,72,118,1004
2022-03-07,187,233,1376
2022-03-08,130,158,1294
2022-03-09,135,179,1589
2022-03-10,135,172,1657
2022-03-11,139,183,1675
2022-03-12,103,152,1640
2022-03-13,101,165,1437
2022-03-14,217,335,1883
2022-03-15,241,326,1838
2022-03-16,265,353,1960
2022-03-17,235,345,1897
2022-03-18,194,245,1687
2022-03-19,119,225,1872
2022-03-20,143,394,1730
2022-03-21,278,459,2130
2022-03-22,285,508,2035
2022-03-23,230,433,1986
2022-03-24,261,480,1911
2022-03-25,187,386,1847
2022-03-26,80,105,1267
2022-03-27,,,
2022-03-28,180,274,1693
2022-03-29,226,339,1732
2022-03-30,208,364,1985
2022-03-31,238,376,1904
2022-04-01,226,374,2031
2022-04-02,171,333,2052
2022-04-03,243,430,1852
2022-04-04,180,316,1512
2022-04-05,122,165,1222
2022-04-06,147,243,1791
2022-04-07,150,264,1591
2022-04-08,141,214,1481
2022-04-09,119,225,1651
2022-04-10,193,290,1340
2022-04-11,457,802,2398
2022-04-12,508,811,2254
2022-04-13,496,866,2240
2022-04-14,255,340,1588
2022-04-15,330,497,1283
2022-04-16,386,566,1655
2022-04-17,651,707,1326
2022-04-18,829,965,1576
2022-04-19,983,1234,2590
2022-04-20,1038,1367,2714
2022-04-21,1025,1341,2748
2022-04-22,944,1188,2701
2022-04-23,643,849,2284
2022-04-24,957,1037,2077
2022-04-25,1014,1204,2415
2022-04-26,1061,1217,2728
2022-04-27,838,1094,2376
2022-04-28,625,782,2082
2022-04-29,679,786,2469
2022-04-30,545,657,2393
2022-05-01,753,711,1516
2022-05-02,910,1130,2265
2022-05-03,980,1084,2185
2022-05-04,989,1197,2603
2022-05-05,961,1088,2130
2022-05-06,1293,1271,2591
2022-05-07,520,513,1689
2022-05-08,869,792,1756
2022-05-09,1086,1274,2407
2022-05-10,1313,1549,2565
2022-05-11,691,784,1981
2022-05-12,893,1092,2213
2022-05-13,1026,1178,2479
2022-05-14,801,943,2074
2022-05-15,1031,1057,1969
2022-05-16,1132,1389,2497
2022-05-17,1055,1307,2339
2022-05-18,1512,1819,2754
2022-05-19,1261,1474,2684
2022-05-20,918,1060,2224
2022-05-21,842,974,2172
2022-05-22,1165,1169,1699
2022-05-23,1560,1960,2803
2022-05-24,1805,2151,2808
2022-05-25,1519,1846,2601
2022-05-26,325,313,1179
2022-05-27,417,433,1414
2022-05-28,384,418,1370
2022-05-29,996,1086,1717
2022-05-30,1728,1970,2824
2022-05-31,515,551,1739
2022-06-01,1354,1758,2871
2022-06-02,382,481,1557
2022-06-03,1018,1320,2819
2022-06-04,654,667,2030
2022-06-05,1424,1334,1896
2022-06-06,1707,2173,3023
2022-06-07,1876,2404,3018
2022-06-08,1097,1242,2601
2022-06-09,1629,2015,2935
2022-06-10,1273,1558,2585
2022-06-11,1411,1539,2417
2022-06-12,1487,1534,1989
2022-06-13,1556,1871,2737
2022-06-14,1445,1832,2591
2022-06-15,1559,1911,2773
2022-06-16,1490,1671,2579
2022-06-17,1347,1531,2674
2022-06-18,259,275,1110
2022-06-19,1258,1301,1928
