date,Etel√§esplanadi,Kaivokatu,Kuusisaarentie,Merikannontie
2014-01-01,129,,,
2014-01-02,526,,,
2014-01-03,546,,,
2014-01-04,259,,,
2014-01-05,230,,,
2014-01-06,271,,,
2014-01-07,522,,,
2014-01-08,655,,,
2014-01-09,748,,,
2014-01-10,437,,,
2014-01-11,190,,,
2014-01-12,102,,,
2014-01-13,311,,,
2014-01-14,301,,,
2014-01-15,270,,,
2014-01-16,305,,,
2014-01-17,237,,,
2014-01-18,100,,,
2014-01-19,74,,,
2014-01-20,301,,,
2014-01-21,309,,,
2014-01-22,280,,,
2014-01-23,271,,,
2014-01-24,239,,,
2014-01-25,109,,,
2014-01-26,90,,,
2014-01-27,371,,,
2014-01-28,339,,,
2014-01-29,336,,,
2014-01-30,273,,,
2014-01-31,267,,,
2014-02-01,72,,,
2014-02-02,78,,,
2014-02-03,250,,,
2014-02-04,266,,,
2014-02-05,278,,,
2014-02-06,295,,,
2014-02-07,276,,,
2014-02-08,125,,,
2014-02-09,97,,,
2014-02-10,388,,,
2014-02-11,296,,,
2014-02-12,337,,,
2014-02-13,358,,,
2014-02-14,366,,,
2014-02-15,163,,,
2014-02-16,118,,,
2014-02-17,337,,,
2014-02-18,399,,,
2014-02-19,401,,,
2014-02-20,330,,,
2014-02-21,310,,,
2014-02-22,161,,,
2014-02-23,128,,,
2014-02-24,526,,,
2014-02-25,642,,,
2014-02-26,576,,,
2014-02-27,608,,,
2014-02-28,528,,,
2014-03-01,282,,,
2014-03-02,181,,,
2014-03-03,403,,,
2014-03-04,646,,,
2014-03-05,660,,,
2014-03-06,714,,,
2014-03-07,617,,,
2014-03-08,353,,,
2014-03-09,280,,,
2014-03-10,827,,,
2014-03-11,951,,,
2014-03-12,972,,,
2014-03-13,1026,,,
2014-03-14,850,,,
2014-03-15,112,,,
2014-03-16,124,,,
2014-03-17,568,,,
2014-03-18,604,,,
2014-03-19,606,,,
2014-03-20,540,,,
2014-03-21,453,,,
2014-03-22,596,,,
2014-03-23,280,,,
2014-03-24,899,,,
2014-03-25,984,,,
2014-03-26,1046,,,
2014-03-27,1030,,,
2014-03-28,1018,,,
2014-03-29,606,,,
2014-03-30,513,,,
2014-03-31,1090,,,
2014-04-01,1152,,,
2014-04-02,1116,,,
2014-04-03,1072,,,
2014-04-04,1048,,,
2014-04-05,642,,,
2014-04-06,245,,,
2014-04-07,1096,,,
2014-04-08,1389,,,
2014-04-09,1327,,,
2014-04-10,1358,,,
2014-04-11,966,,,
2014-04-12,532,,,
2014-04-13,416,,,
2014-04-14,1297,,,
2014-04-15,1452,,,
2014-04-16,1500,,,
2014-04-17,1218,,,
2014-04-18,513,,,
2014-04-19,654,,,
2014-04-20,612,,,
2014-04-21,733,,,
2014-04-22,2028,,,
2014-04-23,1901,,,
2014-04-24,1984,,,
2014-04-25,1902,,,
2014-04-26,1099,,,
2014-04-27,1069,,,
2014-04-28,2195,,,
2014-04-29,1975,,,
2014-04-30,1776,,,
2014-05-01,590,,,
2014-05-02,1272,,,
2014-05-03,777,,,
2014-05-04,580,,,
2014-05-05,1244,,,
2014-05-06,2009,,,
2014-05-07,2146,,,
2014-05-08,833,,,
2014-05-09,1115,,,
2014-05-10,807,,,
2014-05-11,745,,,
2014-05-12,1778,,,
2014-05-13,1348,,,
2014-05-14,2289,,,
2014-05-15,2367,,,
2014-05-16,1883,,,
2014-05-17,1701,,,
2014-05-18,1387,,,
2014-05-19,2713,,,
2014-05-20,2926,,,
2014-05-21,1987,,,
2014-05-22,3121,,,
2014-05-23,3006,,,
2014-05-24,1913,,,
2014-05-25,1770,,,
2014-05-26,3117,,,
2014-05-27,1813,,,
2014-05-28,1636,,,
2014-05-29,512,,,
2014-05-30,1675,,,
2014-05-31,1068,,,
2014-06-01,1158,,,
2014-06-02,2549,,,
2014-06-03,2019,,,
2014-06-04,3237,,,
2014-06-05,3271,,,
2014-06-06,2742,,,
2014-06-07,1570,,,
2014-06-08,1353,,,
2014-06-09,3123,,,
2014-06-10,2660,,,
2014-06-11,3305,,,
2014-06-12,1156,,,
2014-06-13,1257,,,
2014-06-14,1246,,,
2014-06-15,1262,,,
2014-06-16,2231,,,
2014-06-17,2275,,,
2014-06-18,2071,,,
2014-06-19,1790,,,
2014-06-20,616,,,
2014-06-21,514,,,
2014-06-22,373,,,
2014-06-23,1955,,,
2014-06-24,1771,,,
2014-06-25,2287,,,
2014-06-26,2193,,,
2014-06-27,2161,,,
2014-06-28,1824,,,
2014-06-29,372,,,
2014-06-30,1383,,,
2014-07-01,1703,,,
2014-07-02,2126,,,
2014-07-03,2160,,,
2014-07-04,2022,,,
2014-07-05,1537,,,
2014-07-06,1288,,,
2014-07-07,2331,,,
2014-07-08,2622,,,
2014-07-09,2706,,,
2014-07-10,2172,,,
2014-07-11,2080,,,
2014-07-12,1464,,,
2014-07-13,1221,,,
2014-07-14,1897,,,
2014-07-15,2039,,,
2014-07-16,2066,,,
2014-07-17,2192,,,
2014-07-18,1987,,,
2014-07-19,1487,,,
2014-07-20,1181,,,
2014-07-21,2263,,,
2014-07-22,2491,,,
2014-07-23,2565,,,
2014-07-24,2359,,,
2014-07-25,2275,,,
2014-07-26,1860,,,
2014-07-27,1448,,,
2014-07-28,2608,,,
2014-07-29,2564,,,
2014-07-30,2708,,,
2014-07-31,2422,,,
2014-08-01,2524,,,
2014-08-02,1727,,,
2014-08-03,1520,,,
2014-08-04,3121,,,
2014-08-05,3466,,,
2014-08-06,3501,,,
2014-08-07,3097,,,
2014-08-08,3177,,,
2014-08-09,2214,,,
2014-08-10,2134,,,
2014-08-11,2997,,,
2014-08-12,2938,,,
2014-08-13,2815,,,
2014-08-14,2855,,,
2014-08-15,2857,,,
2014-08-16,1734,,,
2014-08-17,1871,,,
2014-08-18,1698,,,
2014-08-19,1982,,,
2014-08-20,2046,,,
2014-08-21,2888,,,
2014-08-22,2365,,,
2014-08-23,972,,,
2014-08-24,1218,,,
2014-08-25,1312,,,
2014-08-26,1745,,,
2014-08-27,1967,,,
2014-08-28,2065,,,
2014-08-29,2004,,,
2014-08-30,1462,,,
2014-08-31,1049,,,
2014-09-01,2415,,,
2014-09-02,2567,,,
2014-09-03,2721,,,
2014-09-04,2574,,,
2014-09-05,2531,,,
2014-09-06,1453,,,
2014-09-07,1192,,,
2014-09-08,2604,,,
2014-09-09,2279,,,
2014-09-10,2331,,,
2014-09-11,2531,,,
2014-09-12,2299,,,
2014-09-13,1154,,,
2014-09-14,1350,,,
2014-09-15,2504,,,
2014-09-16,2613,,,
2014-09-17,2444,,,
2014-09-18,2468,,,
2014-09-19,2204,,,
2014-09-20,1409,,,
2014-09-21,1029,,,
2014-09-22,1618,,,
2014-09-23,2418,,,
2014-09-24,1875,,,
2014-09-25,1092,,,
2014-09-26,1595,,,
2014-09-27,1030,,,
2014-09-28,810,,,
2014-09-29,2115,,,
2014-09-30,2099,,,
2014-10-01,2008,,,
2014-10-02,1947,,,
2014-10-03,1881,,,
2014-10-04,776,,,
2014-10-05,768,,,
2014-10-06,1785,,,
2014-10-07,1908,,,
2014-10-08,1347,,,
2014-10-09,1604,,,
2014-10-10,1310,,,
2014-10-11,1004,,,
2014-10-12,632,,,
2014-10-13,1455,,,
2014-10-14,1411,,,
2014-10-15,1490,,,217
2014-10-16,1306,,,1177
2014-10-17,1138,,,1183
2014-10-18,676,,,810
2014-10-19,169,,,254
2014-10-20,1293,,,1568
2014-10-21,1278,,,1434
2014-10-22,1175,,,1226
2014-10-23,861,,,1019
2014-10-24,819,,,920
2014-10-25,465,,,454
2014-10-26,301,,,432
2014-10-27,1089,,,1406
2014-10-28,1348,,,
2014-10-29,1276,,,1433
2014-10-30,1430,,,1636
2014-10-31,1259,,,1233
2014-11-01,493,,,914
2014-11-02,217,,,287
2014-11-03,869,,,1072
2014-11-04,1035,,,1285
2014-11-05,1211,,,1369
2014-11-06,686,,,822
2014-11-07,764,,,842
2014-11-08,469,,,465
2014-11-09,379,,,578
2014-11-10,1115,,,1270
2014-11-11,962,,,1138
2014-11-12,1251,,,1269
2014-11-13,1174,,,1204
2014-11-14,1014,,,945
2014-11-15,441,,,455
2014-11-16,353,,,705
2014-11-17,1138,,,1256
2014-11-18,1047,,,1300
2014-11-19,1113,,,1208
2014-11-20,1101,,,1113
2014-11-21,666,,,722
2014-11-22,189,,,139
2014-11-23,154,,,173
2014-11-24,826,,,801
2014-11-25,823,,,898
2014-11-26,880,,,971
2014-11-27,938,,,991
2014-11-28,775,,,804
2014-11-29,314,,,321
2014-11-30,266,,,405
2014-12-01,815,,,855
2014-12-02,808,,,928
2014-12-03,950,,,998
2014-12-04,938,,,957
2014-12-05,808,,,776
2014-12-06,228,,,232
2014-12-07,247,,,401
2014-12-08,592,,,661
2014-12-09,930,,,975
2014-12-10,767,,,725
2014-12-11,984,,,761
2014-12-12,697,,,595
2014-12-13,302,,,199
2014-12-14,286,,,357
2014-12-15,714,,,696
2014-12-16,796,,,828
2014-12-17,706,,,644
2014-12-18,665,,,614
2014-12-19,502,,,433
2014-12-20,369,,,333
2014-12-21,185,,,236
2014-12-22,275,,,235
2014-12-23,134,,,133
2014-12-24,25,,,42
2014-12-25,26,,,27
2014-12-26,34,,,71
2014-12-27,66,,,66
2014-12-28,44,,,72
2014-12-29,145,,,149
2014-12-30,163,,,111
2014-12-31,196,,,124
2015-01-01,77,,,75
2015-01-02,189,,,149
2015-01-03,138,,,113
2015-01-04,86,,,138
2015-01-05,227,,,254
2015-01-06,70,,,153
2015-01-07,380,,,453
2015-01-08,325,,,352
2015-01-09,412,,,382
2015-01-10,144,,,164
2015-01-11,39,,,49
2015-01-12,229,,,259
2015-01-13,263,,,210
2015-01-14,278,,,326
2015-01-15,331,,,345
2015-01-16,220,,,174
2015-01-17,126,,,96
2015-01-18,140,,,161
2015-01-19,361,,,433
2015-01-20,325,,,411
2015-01-21,362,,,398
2015-01-22,320,,,353
2015-01-23,293,,,345
2015-01-24,148,,,103
2015-01-25,102,,,149
2015-01-26,365,,,433
2015-01-27,403,,,463
2015-01-28,400,,,447
2015-01-29,433,,,421
2015-01-30,398,,,402
2015-01-31,157,,,115
2015-02-01,52,,,43
2015-02-02,304,,,213
2015-02-03,309,,,219
2015-02-04,331,,,280
2015-02-05,377,,,297
2015-02-06,308,,,304
2015-02-07,155,,,127
2015-02-08,77,,,92
2015-02-09,295,,,339
2015-02-10,392,,,423
2015-02-11,427,,,420
2015-02-12,443,,,399
2015-02-13,377,,,357
2015-02-14,182,,,107
2015-02-15,167,,,242
2015-02-16,381,,,196
2015-02-17,364,,,84
2015-02-18,385,,,59
2015-02-19,387,,,19
2015-02-20,360,,,112
2015-02-21,217,,,92
2015-02-22,140,,,111
2015-02-23,465,,,89
2015-02-24,477,,,35
2015-02-25,600,,,29
2015-02-26,574,,,196
2015-02-27,537,,,356
2015-02-28,315,,,248
2015-03-01,217,,,279
2015-03-02,591,,,145
2015-03-03,545,,,20
2015-03-04,600,,,64
2015-03-05,710,,,169
2015-03-06,492,,,376
2015-03-07,265,,,215
2015-03-08,229,,,217
2015-03-09,858,,,189
2015-03-10,814,,,6
2015-03-11,942,,,8
2015-03-12,988,,,387
2015-03-13,896,,,643
2015-03-14,588,,,792
2015-03-15,439,,,1194
2015-03-16,1113,,,1089
2015-03-17,1181,,,1219
2015-03-18,1259,,,1352
2015-03-19,1226,,,1277
2015-03-20,1013,,,967
2015-03-21,563,,,487
2015-03-22,354,,,365
2015-03-23,632,,,528
2015-03-24,1074,,,974
2015-03-25,748,,,814
2015-03-26,903,,,876
2015-03-27,636,,,611
2015-03-28,298,,,291
2015-03-29,379,,,
2015-03-30,363,,,374
2015-03-31,551,,,481
2015-04-01,817,,,777
2015-04-02,565,,,592
2015-04-03,273,,,533
2015-04-04,275,,,329
2015-04-05,226,,,494
2015-04-06,496,,,1412
2015-04-07,1114,,,1306
2015-04-08,1208,,,1378
2015-04-09,1363,,,1655
2015-04-10,1310,,,1533
2015-04-11,1023,,,2055
2015-04-12,469,,,814
2015-04-13,1524,,,2019
2015-04-14,1444,,,1687
2015-04-15,1590,,,1825
2015-04-16,1341,,,1601
2015-04-17,1074,,,1225
2015-04-18,684,,,989
2015-04-19,661,,,1176
2015-04-20,1619,,,2241
2015-04-21,1861,,,2539
2015-04-22,1911,,,1848
2015-04-23,1563,,,1499
2015-04-24,1665,,,1867
2015-04-25,1038,,,1769
2015-04-26,321,,,502
2015-04-27,1440,,,1748
2015-04-28,1791,,,2367
2015-04-29,695,,,825
2015-04-30,1380,,,1584
2015-05-01,800,,,1136
2015-05-02,327,,,329
2015-05-03,855,,,1993
2015-05-04,2076,,,2774
2015-05-05,1837,,,2228
2015-05-06,1335,,,1482
2015-05-07,1778,,,2084
2015-05-08,2951,,1458,2022
2015-05-09,1068,,717,1415
2015-05-10,835,,950,1776
2015-05-11,2095,,1987,2831
2015-05-12,1948,,1546,2195
2015-05-13,1108,,774,1058
2015-05-14,768,,933,1615
2015-05-15,1761,,1215,1986
2015-05-16,1250,,832,1433
2015-05-17,1008,,1258,2359
2015-05-18,1614,,1729,2144
2015-05-19,2545,,2260,3339
2015-05-20,2465,,2169,3195
2015-05-21,1537,,1280,1987
2015-05-22,2560,,2109,3094
2015-05-23,1168,,513,1074
2015-05-24,920,,1146,1723
2015-05-25,2449,,2377,3349
2015-05-26,2746,,2415,3616
2015-05-27,2793,,2553,3576
2015-05-28,2810,,2418,3676
2015-05-29,2083,,1748,2304
2015-05-30,1350,,908,1948
2015-05-31,1053,,1078,2019
2015-06-01,2263,,1881,2513
2015-06-02,2704,,2530,3658
2015-06-03,1983,,1466,2130
2015-06-04,2760,,2221,3397
2015-06-05,2470,,1949,2914
2015-06-06,1223,,840,1565
2015-06-07,1046,,1316,2222
2015-06-08,2324,,2013,2862
2015-06-09,2876,,2493,3789
2015-06-10,2846,,2189,3211
2015-06-11,2804,,2234,3421
2015-06-12,2753,,1584,2745
2015-06-13,1806,,1201,2839
2015-06-14,487,,285,494
2015-06-15,2140,,1788,2795
2015-06-16,2550,,1988,3070
2015-06-17,2626,,2209,3123
2015-06-18,885,,698,1048
2015-06-19,551,,662,1337
2015-06-20,446,,510,1132
2015-06-21,780,,1244,2175
2015-06-22,1537,,1366,2147
2015-06-23,2484,,2278,3324
2015-06-24,1195,,782,1359
2015-06-25,2278,,1957,2770
2015-06-26,1979,,1687,2395
2015-06-27,1414,,932,2022
2015-06-28,1331,,1436,2979
2015-06-29,2763,,3472,4448
2015-06-30,2460,,2698,3111
2015-07-01,2822,,3240,4061
2015-07-02,2860,,3380,4577
2015-07-03,2626,,2450,4102
2015-07-04,1812,,1276,3061
2015-07-05,1410,,1567,2672
2015-07-06,2004,,1921,2663
2015-07-07,1684,,1161,1839
2015-07-08,1606,,1416,1890
2015-07-09,2100,,1617,2632
2015-07-10,1503,,1119,1816
2015-07-11,1328,,865,1851
2015-07-12,654,,547,946
2015-07-13,1842,,1523,2452
2015-07-14,2058,,1747,2936
2015-07-15,2470,,2106,3744
2015-07-16,1942,,1461,2426
2015-07-17,1330,,763,1501
2015-07-18,1143,,834,1692
2015-07-19,955,,864,1733
2015-07-20,1652,,1274,2168
2015-07-21,2215,,2102,3673
2015-07-22,1301,,936,1594
2015-07-23,1645,,1215,1756
2015-07-24,1849,,1188,2078
2015-07-25,1497,,1294,2589
2015-07-26,596,,435,853
2015-07-27,2009,,1675,2744
2015-07-28,2272,,2079,3701
2015-07-29,2368,,2016,3176
2015-07-30,1900,,1173,2126
2015-07-31,1358,,892,1506
2015-08-01,1489,,1197,2345
2015-08-02,1222,,1058,2297
2015-08-03,2763,,2360,3980
2015-08-04,3139,,2892,4773
2015-08-05,3247,,2784,4807
2015-08-06,2546,,1857,3295
2015-08-07,2979,,2202,4304
2015-08-08,1666,,1070,2387
2015-08-09,1596,,1753,4294
2015-08-10,3336,,3156,5466
2015-08-11,3662,,3547,5802
2015-08-12,3374,,2917,4403
2015-08-13,3708,,2827,4856
2015-08-14,3708,,2330,3629
2015-08-15,2498,,984,3221
2015-08-16,2493,,1546,3450
2015-08-17,3384,,3132,4736
2015-08-18,3488,,3254,5205
2015-08-19,3513,,3138,4789
2015-08-20,4036,,2885,4522
2015-08-21,3186,,2465,3942
2015-08-22,2139,,1439,3210
2015-08-23,1627,,1851,3852
2015-08-24,3297,,3247,4966
2015-08-25,3700,,3296,5167
2015-08-26,2539,,2075,2921
2015-08-27,3378,,2598,3836
2015-08-28,1306,,954,1770
2015-08-29,1976,,1024,1935
2015-08-30,1062,,1029,1617
2015-08-31,3077,,2743,3972
2015-09-01,3004,,2671,3796
2015-09-02,2247,,1829,2524
2015-09-03,1719,,1276,1879
2015-09-04,2668,,1915,2817
2015-09-05,862,,346,746
2015-09-06,945,,731,1603
2015-09-07,1909,,1666,2213
2015-09-08,2559,,2121,3166
2015-09-09,2757,,2342,3431
2015-09-10,2790,,2261,3411
2015-09-11,2582,,1914,2896
2015-09-12,1551,,865,1858
2015-09-13,1064,,1035,1831
2015-09-14,2535,,2333,3196
2015-09-15,2296,,1909,2610
2015-09-16,1787,,1400,1992
2015-09-17,2228,,1734,2528
2015-09-18,2886,,2231,3582
2015-09-19,1134,,505,858
2015-09-20,1032,,885,1557
2015-09-21,1770,,1299,2004
2015-09-22,2455,,1871,2998
2015-09-23,2477,,1911,2857
2015-09-24,2414,,1821,2795
2015-09-25,2206,,1564,2350
2015-09-26,1313,,712,1561
2015-09-27,964,,922,1631
2015-09-28,2054,,1797,2653
2015-09-29,2342,,1934,2959
2015-09-30,2323,,1851,2660
2015-10-01,1991,,1552,1510
2015-10-02,1837,,1263,1265
2015-10-03,1078,,691,821
2015-10-04,886,,666,693
2015-10-05,2098,,1724,1629
2015-10-06,2012,,1592,1498
2015-10-07,1882,,1393,1327
2015-10-08,1739,,1274,1292
2015-10-09,1522,,1064,996
2015-10-10,725,,388,476
2015-10-11,629,,605,563
2015-10-12,1594,,1407,1241
2015-10-13,1740,,1344,1324
2015-10-14,1825,,1304,1202
2015-10-15,1666,,1156,1209
2015-10-16,1427,,981,980
2015-10-17,822,,471,523
2015-10-18,676,,599,597
2015-10-19,1784,,1392,1414
2015-10-20,1855,,1296,1390
2015-10-21,1761,,1197,1263
2015-10-22,1395,,898,924
2015-10-23,1124,,657,839
2015-10-24,812,,585,588
2015-10-25,423,,324,352
2015-10-26,1633,,1327,1310
2015-10-27,1696,,1205,1277
2015-10-28,1537,,992,1075
2015-10-29,1572,,1042,1097
2015-10-30,1489,,889,870
2015-10-31,525,,386,471
2015-11-01,514,,421,434
2015-11-02,1544,,1220,1183
2015-11-03,1809,,1343,1355
2015-11-04,1716,,1169,1198
2015-11-05,1646,,1055,1161
2015-11-06,1397,,836,928
2015-11-07,531,,290,366
2015-11-08,249,,113,151
2015-11-09,1287,,920,937
2015-11-10,1431,,938,1023
2015-11-11,1256,,858,917
2015-11-12,1192,,730,777
2015-11-13,1215,,750,876
2015-11-14,606,,314,419
2015-11-15,492,,407,426
2015-11-16,1096,,826,832
2015-11-17,953,,605,703
2015-11-18,1149,,681,836
2015-11-19,1030,,723,774
2015-11-20,855,,507,577
2015-11-21,519,,222,297
2015-11-22,311,,193,222
2015-11-23,986,,642,634
2015-11-24,821,,591,559
2015-11-25,1009,,585,701
2015-11-26,948,,543,622
2015-11-27,742,,415,472
2015-11-28,360,,148,203
2015-11-29,366,,296,294
2015-11-30,719,,462,501
2015-12-01,1045,,599,689
2015-12-02,1052,,640,704
2015-12-03,872,,439,621
2015-12-04,661,,339,406
2015-12-05,376,,157,198
2015-12-06,197,,88,140
2015-12-07,900,,589,700
2015-12-08,1109,,617,792
2015-12-09,846,,457,587
2015-12-10,882,,463,616
2015-12-11,869,,462,559
2015-12-12,425,,162,259
2015-12-13,291,,145,189
2015-12-14,819,,412,565
2015-12-15,839,,415,554
2015-12-16,841,,457,582
2015-12-17,698,,359,436
2015-12-18,661,,292,410
2015-12-19,491,,199,257
2015-12-20,326,,127,187
2015-12-21,874,,383,566
2015-12-22,822,,332,499
2015-12-23,549,,209,307
2015-12-24,129,,125,168
2015-12-25,90,,109,81
2015-12-26,135,,143,128
2015-12-27,92,,68,99
2015-12-28,304,,197,235
2015-12-29,309,,183,262
2015-12-30,369,,197,269
2015-12-31,300,,143,177
2016-01-01,112,,70,139
2016-01-02,155,,57,127
2016-01-03,102,,58,151
2016-01-04,276,,250,330
2016-01-05,270,,148,243
2016-01-06,93,,34,88
2016-01-07,209,,135,214
2016-01-08,227,,142,218
2016-01-09,228,,50,108
2016-01-10,210,,61,119
2016-01-11,273,,282,361
2016-01-12,124,,154,146
2016-01-13,248,,222,250
2016-01-14,270,,274,362
2016-01-15,235,,212,321
2016-01-16,91,,41,90
2016-01-17,79,,74,126
2016-01-18,282,,258,361
2016-01-19,244,,288,340
2016-01-20,267,,271,312
2016-01-21,257,,224,288
2016-01-22,213,,164,233
2016-01-23,115,,71,124
2016-01-24,70,,29,33
2016-01-25,262,,266,288
2016-01-26,178,,214,157
2016-01-27,216,,178,171
2016-01-28,225,,210,261
2016-01-29,251,,239,287
2016-01-30,178,,88,155
2016-01-31,140,,102,187
2016-02-01,400,,396,507
2016-02-02,305,,199,317
2016-02-03,274,,288,277
2016-02-04,325,,365,346
2016-02-05,263,,310,321
2016-02-06,123,,82,100
2016-02-07,132,,88,113
2016-02-08,374,,339,434
2016-02-09,403,,288,393
2016-02-10,389,,309,421
2016-02-11,353,,278,375
2016-02-12,320,,225,281
2016-02-13,192,,92,163
2016-02-14,136,,52,87
2016-02-15,438,,370,471
2016-02-16,506,,429,539
2016-02-17,485,,394,555
2016-02-18,447,,314,447
2016-02-19,402,,287,341
2016-02-20,153,,61,64
2016-02-21,119,,48,24
2016-02-22,313,,254,333
2016-02-23,352,,324,389
2016-02-24,378,,311,396
2016-02-25,429,,322,369
2016-02-26,370,,259,312
2016-02-27,161,,99,157
2016-02-28,164,,119,191
2016-02-29,494,,450,530
2016-03-01,571,,440,608
2016-03-02,554,,398,510
2016-03-03,517,,372,469
2016-03-04,477,,392,489
2016-03-05,242,,152,200
2016-03-06,151,,137,214
2016-03-07,398,,327,469
2016-03-08,532,,420,578
2016-03-09,589,,432,627
2016-03-10,599,,473,619
2016-03-11,573,,403,619
2016-03-12,413,,313,583
2016-03-13,279,,317,584
2016-03-14,776,,656,863
2016-03-15,856,,691,944
2016-03-16,891,,731,1075
2016-03-17,872,,681,937
2016-03-18,478,,362,485
2016-03-19,322,,134,259
2016-03-20,236,,182,363
2016-03-21,580,,509,676
2016-03-22,674,,557,742
2016-03-23,750,,511,794
2016-03-24,635,,446,649
2016-03-25,212,,154,262
2016-03-26,225,,188,291
2016-03-27,238,,341,577
2016-03-28,407,,632,1119
2016-03-29,1102,,1064,1536
2016-03-30,1057,,828,1298
2016-03-31,1150,,981,1340
2016-04-01,1274,,882,1263
2016-04-02,810,,747,1533
2016-04-03,333,,336,535
2016-04-04,1316,,1263,1807
2016-04-05,1217,,1166,1564
2016-04-06,1191,,926,1365
2016-04-07,1248,,1045,1549
2016-04-08,1213,,1082,1470
2016-04-09,582,,421,706
2016-04-10,680,,1002,1934
2016-04-11,1610,,1626,2310
2016-04-12,1703,,1589,2518
2016-04-13,1822,,1623,2597
2016-04-14,1687,,1388,2032
2016-04-15,1494,,1204,1766
2016-04-16,908,,865,1690
2016-04-17,429,,313,668
2016-04-18,1573,,1463,2098
2016-04-19,1389,,1222,1936
2016-04-20,1428,,1205,1857
2016-04-21,1759,,1448,2196
2016-04-22,1285,,984,1491
2016-04-23,649,,397,784
2016-04-24,539,,633,1098
2016-04-25,1298,,1119,1868
2016-04-26,874,,661,1044
2016-04-27,1589,,1319,2078
2016-04-28,1471,,1275,1689
2016-04-29,1656,,1471,2219
2016-04-30,905,,704,1341
2016-05-01,1066,,940,2356
2016-05-02,2352,,2200,3458
2016-05-03,2659,,2560,3110
2016-05-04,2639,,2192,2886
2016-05-05,1569,,1757,3945
2016-05-06,2259,,1492,3071
2016-05-07,1585,,1222,2663
2016-05-08,1196,,1324,2949
2016-05-09,2927,,2794,4381
2016-05-10,3289,,3072,4852
2016-05-11,2844,,2531,3535
2016-05-12,2919,,2129,3665
2016-05-13,2777,,2122,3329
2016-05-14,748,,396,777
2016-05-15,1055,,1003,1989
2016-05-16,1982,,1800,2894
2016-05-17,2871,,2567,3997
2016-05-18,2948,,2544,3989
2016-05-19,2965,,2342,3536
2016-05-20,2895,,2124,3416
2016-05-21,1963,,1117,2410
2016-05-22,1719,,1571,3154
2016-05-23,3134,,3016,4565
2016-05-24,3387,,3193,5285
2016-05-25,3420,,3287,5303
2016-05-26,2533,,2001,2985
2016-05-27,3080,,2290,3640
2016-05-28,1565,,910,1727
2016-05-29,1436,,1414,2535
2016-05-30,3381,,3325,5332
2016-05-31,3619,,3311,5560
2016-06-01,3817,,3373,5839
2016-06-02,3004,,2478,3866
2016-06-03,3168,,2434,4132
2016-06-04,1647,,1039,2088
2016-06-05,1070,,887,1630
2016-06-06,2916,,2504,3725
2016-06-07,3117,,2732,4374
2016-06-08,1587,,1187,2018
2016-06-09,2420,,1791,2840
2016-06-10,2210,,1557,2435
2016-06-11,1504,,807,1683
2016-06-12,1821,,1239,2373
2016-06-13,2945,,2562,4196
2016-06-14,3299,,2829,4896
2016-06-15,3389,,3023,4655
2016-06-16,1075,,782,1248
2016-06-17,1557,,1203,1995
2016-06-18,342,,154,342
2016-06-19,732,,598,1134
2016-06-20,2920,,2397,3989
2016-06-21,3264,,2662,4527
2016-06-22,2980,,2360,3886
2016-06-23,2111,,1390,2418
2016-06-24,678,,519,1158
2016-06-25,909,,901,2195
2016-06-26,927,,955,1955
2016-06-27,1261,,1095,1505
2016-06-28,2996,,2462,4499
2016-06-29,3181,,2546,4521
2016-06-30,2723,,2014,3549
2016-07-01,2764,,2021,3613
2016-07-02,1914,,1209,2999
2016-07-03,873,,556,1022
2016-07-04,1512,,1038,1826
2016-07-05,2132,,1563,2655
2016-07-06,2433,,1889,3380
2016-07-07,1142,,745,1233
2016-07-08,1962,,1264,2425
2016-07-09,1592,,1064,2536
2016-07-10,935,,667,1427
2016-07-11,1662,,1312,2212
2016-07-12,2185,,1643,3109
2016-07-13,2332,,1796,3368
2016-07-14,2497,,1838,3583
2016-07-15,751,,478,877
2016-07-16,1405,,954,1967
2016-07-17,1033,,752,1540
2016-07-18,2049,,1524,3011
2016-07-19,2467,,1865,3868
2016-07-20,2285,,1900,3695
2016-07-21,2134,,1442,2578
2016-07-22,1797,,1143,2108
2016-07-23,1358,,693,1691
2016-07-24,1480,,1249,2852
2016-07-25,2562,,1794,4041
2016-07-26,2668,,2092,3933
2016-07-27,2694,,1965,3900
2016-07-28,2159,,1531,3010
2016-07-29,2240,,1360,3027
2016-07-30,1856,,1223,2610
2016-07-31,1323,,897,1913
2016-08-01,2508,,1985,3803
2016-08-02,2839,,2097,4029
2016-08-03,3005,,2154,4520
2016-08-04,2194,,1355,2897
2016-08-05,2670,,1513,3492
2016-08-06,1588,,860,2005
2016-08-07,1541,,1201,2423
2016-08-08,2856,,2334,4262
2016-08-09,2919,,2100,2332
2016-08-10,2846,,2198,3471
2016-08-11,3205,,2093,3520
2016-08-12,2867,,1895,3153
2016-08-13,1114,,314,759
2016-08-14,1538,,846,1690
2016-08-15,3044,,2532,4034
2016-08-16,1751,,1331,1918
2016-08-17,2104,,1667,2712
2016-08-18,2094,,1344,2186
2016-08-19,2761,,2092,3047
2016-08-20,1920,,1236,2782
2016-08-21,1502,,1405,2697
2016-08-22,2077,,1979,2805
2016-08-23,3058,,2473,4038
2016-08-24,3004,,2484,4026
2016-08-25,3375,,1944,3431
2016-08-26,2116,,1390,2303
2016-08-27,1662,,873,1914
2016-08-28,1331,,1221,2240
2016-08-29,1395,,1108,1656
2016-08-30,2013,,1537,2612
2016-08-31,3048,,2513,4016
2016-09-01,2867,,2061,3356
2016-09-02,2719,,1880,3176
2016-09-03,1029,,562,1169
2016-09-04,1247,,966,2199
2016-09-05,2804,,2237,3746
2016-09-06,2906,,2285,3826
2016-09-07,2914,,2147,3590
2016-09-08,2955,,2197,3626
2016-09-09,2690,,1788,3106
2016-09-10,1393,,827,1672
2016-09-11,1316,,1127,2207
2016-09-12,2714,,2313,3735
2016-09-13,3005,,2500,4159
2016-09-14,2780,,2350,3722
2016-09-15,2673,,1912,2994
2016-09-16,2355,,1735,2636
2016-09-17,1241,,710,1315
2016-09-18,1218,,985,1926
2016-09-19,2465,,2012,3150
2016-09-20,2768,,2216,3394
2016-09-21,2690,,2108,3392
2016-09-22,2621,,1757,2876
2016-09-23,2188,,1488,2297
2016-09-24,1150,,636,1273
2016-09-25,1058,,615,1402
2016-09-26,2536,,1927,3297
2016-09-27,2783,,2070,3372
2016-09-28,1840,,1319,2012
2016-09-29,1963,,1310,2097
2016-09-30,1807,,1137,2068
2016-10-01,1109,,624,1310
2016-10-02,1150,,884,1784
2016-10-03,2249,,1853,3045
2016-10-04,2201,,1631,2680
2016-10-05,2220,,1578,2492
2016-10-06,2142,,1469,2311
2016-10-07,1815,,1231,1962
2016-10-08,967,,422,957
2016-10-09,686,,455,907
2016-10-10,1881,,1524,2383
2016-10-11,1939,,1449,2357
2016-10-12,1884,,1395,2251
2016-10-13,1754,,1201,2140
2016-10-14,1496,,1037,1729
2016-10-15,723,,377,786
2016-10-16,689,,459,1076
2016-10-17,1736,,1287,2189
2016-10-18,1709,,1312,2263
2016-10-19,1762,,1255,2144
2016-10-20,1690,,1099,1908
2016-10-21,1368,,856,1454
2016-10-22,585,,278,635
2016-10-23,476,,297,698
2016-10-24,1344,,1011,1676
2016-10-25,1085,,807,1331
2016-10-26,1334,,787,1519
2016-10-27,948,,637,1065
2016-10-28,800,,532,904
2016-10-29,620,,334,696
2016-10-30,496,,287,759
2016-10-31,1380,,1039,1713
2016-11-01,1124,,849,1494
2016-11-02,608,,450,717
2016-11-03,454,,440,538
2016-11-04,418,,405,547
2016-11-05,158,,137,226
2016-11-06,139,,89,135
2016-11-07,411,,511,579
2016-11-08,296,,322,386
2016-11-09,223,,207,174
2016-11-10,318,,346,376
2016-11-11,327,,342,354
2016-11-12,146,,93,111
2016-11-13,108,,107,107
2016-11-14,380,,508,551
2016-11-15,423,,464,561
2016-11-16,457,,380,555
2016-11-17,511,,349,582
2016-11-18,569,,382,624
2016-11-19,316,,210,394
2016-11-20,242,,147,347
2016-11-21,786,,576,996
2016-11-22,822,,607,1152
2016-11-23,781,,508,1040
2016-11-24,721,,440,845
2016-11-25,757,,418,802
2016-11-26,382,,193,416
2016-11-27,257,,136,289
2016-11-28,530,,466,724
2016-11-29,594,,458,784
2016-11-30,650,,401,850
2016-12-01,609,,421,760
2016-12-02,569,,360,639
2016-12-03,265,,103,277
2016-12-04,181,,88,247
2016-12-05,513,,278,598
2016-12-06,214,,120,217
2016-12-07,567,,373,774
2016-12-08,583,,406,691
2016-12-09,598,,373,711
2016-12-10,259,,131,253
2016-12-11,178,,111,217
2016-12-12,482,,399,699
2016-12-13,594,,417,763
2016-12-14,538,,392,743
2016-12-15,567,,379,682
2016-12-16,528,,307,644
2016-12-17,247,,114,219
2016-12-18,187,,93,218
2016-12-19,535,,419,682
2016-12-20,589,,330,721
2016-12-21,607,,292,676
2016-12-22,505,,272,642
2016-12-23,368,,186,375
2016-12-24,54,,28,92
2016-12-25,84,,81,204
2016-12-26,120,,110,303
2016-12-27,371,,223,502
2016-12-28,362,,227,492
2016-12-29,391,,211,498
2016-12-30,392,,204,526
2016-12-31,238,,131,315
2017-01-01,158,,151,285
2017-01-02,419,,375,589
2017-01-03,288,,349,462
2017-01-04,232,,244,309
2017-01-05,195,,154,223
2017-01-06,99,,42,79
2017-01-07,102,,42,80
2017-01-08,135,,95,259
2017-01-09,449,,488,615
2017-01-10,469,,405,694
2017-01-11,404,,375,563
2017-01-12,406,,314,516
2017-01-13,379,,281,450
2017-01-14,204,,116,254
2017-01-15,147,,86,211
2017-01-16,454,,442,673
2017-01-17,474,,457,744
2017-01-18,503,,428,672
2017-01-19,509,,446,648
2017-01-20,480,,385,569
2017-01-21,199,,107,235
2017-01-22,168,,151,247
2017-01-23,489,,510,698
2017-01-24,536,,462,730
2017-01-25,490,,439,667
2017-01-26,507,,402,706
2017-01-27,523,,443,685
2017-01-28,248,,120,193
2017-01-29,203,,126,183
2017-01-30,440,,451,584
2017-01-31,532,,479,725
2017-02-01,475,,513,694
2017-02-02,494,,436,703
2017-02-03,467,,383,574
2017-02-04,208,,120,210
2017-02-05,126,,109,213
2017-02-06,374,,494,627
2017-02-07,410,,377,542
2017-02-08,360,,346,545
2017-02-09,394,,354,495
2017-02-10,421,,364,532
2017-02-11,146,,92,179
2017-02-12,164,,119,185
2017-02-13,525,,487,686
2017-02-14,623,,569,854
2017-02-15,608,,513,730
2017-02-16,569,,458,728
2017-02-17,495,,406,585
2017-02-18,247,,190,355
2017-02-19,171,,134,272
2017-02-20,423,,417,612
2017-02-21,416,,481,623
2017-02-22,369,,396,485
2017-02-23,279,,263,364
2017-02-24,296,,289,399
2017-02-25,141,,100,206
2017-02-26,106,,97,138
2017-02-27,418,,542,588
2017-02-28,458,,564,658
2017-03-01,485,,464,628
2017-03-02,496,,468,641
2017-03-03,435,,484,591
2017-03-04,187,,108,240
2017-03-05,167,,165,332
2017-03-06,512,,636,713
2017-03-07,432,,462,578
2017-03-08,417,,398,517
2017-03-09,473,,466,562
2017-03-10,496,,468,567
2017-03-11,350,,240,442
2017-03-12,247,,212,431
2017-03-13,610,,690,875
2017-03-14,623,,669,841
2017-03-15,691,,683,989
2017-03-16,803,,752,1146
2017-03-17,415,,370,535
2017-03-18,335,,239,438
2017-03-19,277,,293,521
2017-03-20,773,,817,1033
2017-03-21,638,,598,889
2017-03-22,672,,567,861
2017-03-23,861,,873,1362
2017-03-24,774,,696,980
2017-03-25,348,,236,458
2017-03-26,334,,416,889
2017-03-27,985,,996,1482
2017-03-28,974,,961,1418
2017-03-29,1014,,874,1328
2017-03-30,1029,,831,1332
2017-03-31,444,,360,526
2017-04-01,232,,171,283
2017-04-02,357,,462,774
2017-04-03,1156,,1026,1409
2017-04-04,1187,,1221,1847
2017-04-05,1025,,990,1430
2017-04-06,1369,,1308,1858
2017-04-07,1047,,862,1311
2017-04-08,668,,516,963
2017-04-09,508,,607,1002
2017-04-10,1243,,1256,1808
2017-04-11,1346,,1242,1947
2017-04-12,1295,,1159,1794
2017-04-13,665,,573,865
2017-04-14,334,,363,661
2017-04-15,336,,295,598
2017-04-16,214,,298,522
2017-04-17,340,,458,876
2017-04-18,1281,,1258,1895
2017-04-19,1466,,1310,2098
2017-04-20,1394,,1127,1682
2017-04-21,1088,,899,1454
2017-04-22,555,,499,854
2017-04-23,392,,412,809
2017-04-24,1559,,1429,2397
2017-04-25,964,,825,1369
2017-04-26,1253,,987,1687
2017-04-27,1584,,1344,2041
2017-04-28,1381,,1165,1947
2017-04-29,357,,220,398
2017-04-30,386,,219,378
2017-05-01,880,,805,2011
2017-05-02,2034,,2094,3324
2017-05-03,2376,,2151,3632
2017-05-04,2326,,2087,3368
2017-05-05,2339,,1920,3161
2017-05-06,1617,,1125,2696
2017-05-07,1071,,945,2220
2017-05-08,1912,,1585,2393
2017-05-09,1778,,1462,2358
2017-05-10,1738,,1307,2122
2017-05-11,1900,,1388,2229
2017-05-12,2041,,1449,2579
2017-05-13,1386,,916,1590
2017-05-14,1065,,1138,2459
2017-05-15,2030,,1904,3113
2017-05-16,2632,,2293,3839
2017-05-17,2278,,1904,3090
2017-05-18,2243,,1781,2790
2017-05-19,2812,,1993,3851
2017-05-20,2171,,1153,3139
2017-05-21,1762,,1528,3547
2017-05-22,2814,,2328,4048
2017-05-23,3024,,2445,4323
2017-05-24,2903,,2179,3945
2017-05-25,1767,,1340,3796
2017-05-26,2359,,1555,3411
2017-05-27,1360,,817,1947
2017-05-28,1586,,1303,3322
2017-05-29,2815,,2529,4419
2017-05-30,2788,,2158,3968
2017-05-31,2387,,1703,3157
2017-06-01,2348,,1792,3206
2017-06-02,2054,,1660,2559
2017-06-03,1443,,817,2083
2017-06-04,1821,,1235,3162
2017-06-05,1713,,1416,2324
2017-06-06,3391,,2729,5110
2017-06-07,3565,,2951,5541
2017-06-08,1272,,1053,1697
2017-06-09,3244,,1830,4874
2017-06-10,2053,,1121,3160
2017-06-11,1806,,1416,2915
2017-06-12,962,,881,1450
2017-06-13,2175,,1662,2813
2017-06-14,3176,,2742,5047
2017-06-15,3461,,2623,5096
2017-06-16,3131,,2158,4230
2017-06-17,2299,,1112,3314
2017-06-18,1454,,969,2465
2017-06-19,3180,,2640,5745
2017-06-20,1552,,991,1946
2017-06-21,2513,,2042,3499
2017-06-22,2038,,1354,2468
2017-06-23,1005,,652,1611
2017-06-24,836,,687,1456
2017-06-25,955,,865,1862
2017-06-26,2368,,1783,3395
2017-06-27,2485,,1798,3482
2017-06-28,3123,,2446,4806
2017-06-29,3385,,2379,4831
2017-06-30,2038,,1155,2277
2017-07-01,1194,,571,1491
2017-07-02,1449,,1218,2922
2017-07-03,1895,,1345,2827
2017-07-04,2733,,2020,3821
2017-07-05,2369,,1610,3084
2017-07-06,2302,,1494,2995
2017-07-07,2522,,1528,3125
2017-07-08,1831,,1031,2320
2017-07-09,1464,,1470,3329
2017-07-10,2601,,1976,4412
2017-07-11,1566,,1009,1963
2017-07-12,2191,,1499,3086
2017-07-13,1500,,959,1905
2017-07-14,2347,,1362,3003
2017-07-15,1758,,1067,2929
2017-07-16,1642,,1329,3716
2017-07-17,1432,,1009,2089
2017-07-18,2030,,1508,3040
2017-07-19,1831,,1301,2256
2017-07-20,2063,,1426,2717
2017-07-21,2210,,1256,3009
2017-07-22,1610,,856,2006
2017-07-23,1555,,1369,3023
2017-07-24,1953,,1436,2791
2017-07-25,2057,,1473,2898
2017-07-26,2702,,1995,4053
2017-07-27,2790,,1885,4331
2017-07-28,2143,,1348,2741
2017-07-29,1810,,1070,2358
2017-07-30,1607,,1639,3787
2017-07-31,2289,,1615,3160
2017-08-01,3190,,2353,4602
2017-08-02,1736,,1046,2228
2017-08-03,3388,,2315,4808
2017-08-04,1413,,670,1480
2017-08-05,1652,,950,2116
2017-08-06,1009,,752,1449
2017-08-07,2132,,1844,3076
2017-08-08,3392,,2957,5302
2017-08-09,3546,,2942,5195
2017-08-10,3496,,2515,4620
2017-08-11,3786,,2227,4347
2017-08-12,2185,,788,2274
2017-08-13,1824,,971,2056
2017-08-14,3375,,3108,5412
2017-08-15,3781,,3331,5956
2017-08-16,3424,,2770,4741
2017-08-17,3084,,2200,4133
2017-08-18,2939,,2195,3587
2017-08-19,1359,,530,1394
2017-08-20,1588,,1322,2676
2017-08-21,3076,,2693,4500
2017-08-22,3111,,2304,4270
2017-08-23,3254,,2577,4059
2017-08-24,3589,,2131,4186
2017-08-25,2017,,1451,2465
2017-08-26,1351,,644,1296
2017-08-27,1207,,992,1820
2017-08-28,2770,,2407,3882
2017-08-29,3055,,2333,3971
2017-08-30,2930,,2161,3723
2017-08-31,2073,,1439,2525
2017-09-01,2584,,1688,2898
2017-09-02,1315,,733,1566
2017-09-03,1146,,843,1767
2017-09-04,2606,,2200,3747
2017-09-05,2701,,2210,3850
2017-09-06,2695,,2204,3610
2017-09-07,2211,,1614,2732
2017-09-08,2057,,1517,2517
2017-09-09,593,,208,464
2017-09-10,770,,476,1087
2017-09-11,2681,,2426,3984
2017-09-12,1605,,1116,2203
2017-09-13,2676,,2251,3709
2017-09-14,1900,,1349,2230
2017-09-15,2099,,1439,2372
2017-09-16,989,,632,1081
2017-09-17,1277,,1126,2296
2017-09-18,2456,,2088,3292
2017-09-19,2399,,1878,3111
2017-09-20,2340,,1752,2990
2017-09-21,2552,,1871,3087
2017-09-22,1683,,1217,1950
2017-09-23,1373,,809,1849
2017-09-24,1235,,1074,2260
2017-09-25,2452,,2179,3657
2017-09-26,2488,,2077,3138
2017-09-27,2478,,1954,3278
2017-09-28,2482,,1824,3006
2017-09-29,2250,,1589,2828
2017-09-30,996,,532,1114
2017-10-01,897,,533,1157
2017-10-02,,,1762,2831
2017-10-03,,,686,1154
2017-10-04,1350,,1009,1788
2017-10-05,1705,,1180,2025
2017-10-06,1917,,1241,2180
2017-10-07,1023,,437,978
2017-10-08,370,,185,417
2017-10-09,1119,,942,1580
2017-10-10,962,,850,1318
2017-10-11,1457,,1104,1818
2017-10-12,1413,,1050,1651
2017-10-13,1468,,1057,1808
2017-10-14,573,,255,509
2017-10-15,792,,706,1404
2017-10-16,1528,,1117,2052
2017-10-17,1595,,1044,1923
2017-10-18,1762,,1175,2033
2017-10-19,1737,,1208,2090
2017-10-20,1540,,950,1799
2017-10-21,675,,396,891
2017-10-22,592,,386,818
2017-10-23,1557,,1113,1940
2017-10-24,1445,,935,1625
2017-10-25,1479,,1001,1693
2017-10-26,545,,414,656
2017-10-27,526,,411,572
2017-10-28,278,,113,256
2017-10-29,246,,197,298
2017-10-30,1063,,789,1381
2017-10-31,1217,,930,1491
2017-11-01,1171,,828,1422
2017-11-02,1173,,865,1393
2017-11-03,1125,,753,1386
2017-11-04,487,,257,778
2017-11-05,416,,334,682
2017-11-06,974,,805,1332
2017-11-07,1376,,1130,1666
2017-11-08,1231,,828,1643
2017-11-09,1066,,711,1341
2017-11-10,999,1608,699,1287
2017-11-11,328,377,110,266
2017-11-12,316,474,252,564
2017-11-13,1149,1753,888,1537
2017-11-14,1246,1825,812,1505
2017-11-15,1169,1759,747,1476
2017-11-16,1123,1782,737,1378
2017-11-17,807,1225,484,928
2017-11-18,307,512,133,328
2017-11-19,217,356,125,257
2017-11-20,730,1330,588,1141
2017-11-21,631,1054,475,854
2017-11-22,794,1177,514,973
2017-11-23,587,845,441,726
2017-11-24,687,1082,406,768
2017-11-25,442,601,194,456
2017-11-26,227,449,106,302
2017-11-27,765,1311,507,1148
2017-11-28,794,1198,539,1055
2017-11-29,754,1110,436,975
2017-11-30,761,1087,456,1013
2017-12-01,464,645,293,626
2017-12-02,301,406,110,238
2017-12-03,174,288,87,203
2017-12-04,868,1315,574,1083
2017-12-05,842,1335,481,929
2017-12-06,337,508,109,318
2017-12-07,574,828,390,685
2017-12-08,490,883,301,611
2017-12-09,343,569,156,319
2017-12-10,280,463,235,382
2017-12-11,834,1304,610,1122
2017-12-12,331,562,323,573
2017-12-13,509,767,311,633
2017-12-14,600,970,404,728
2017-12-15,316,499,204,403
2017-12-16,246,414,88,236
2017-12-17,206,400,112,285
2017-12-18,716,1169,448,866
2017-12-19,687,1098,415,783
2017-12-20,760,1195,381,864
2017-12-21,634,1041,355,751
2017-12-22,499,923,278,633
2017-12-23,147,212,47,100
2017-12-24,83,284,97,171
2017-12-25,58,137,59,144
2017-12-26,110,222,98,183
2017-12-27,293,486,174,404
2017-12-28,387,613,230,474
2017-12-29,317,503,152,384
2017-12-30,262,421,146,301
2017-12-31,163,344,136,277
2018-01-01,139,237,78,173
2018-01-02,452,812,326,691
2018-01-03,508,907,449,837
2018-01-04,583,880,434,763
2018-01-05,508,848,327,676
2018-01-06,287,461,162,328
2018-01-07,201,338,150,320
2018-01-08,549,948,522,888
2018-01-09,696,1073,545,937
2018-01-10,677,1083,503,960
2018-01-11,612,1027,484,814
2018-01-12,534,1005,448,780
2018-01-13,270,450,129,310
2018-01-14,230,398,187,359
2018-01-15,598,957,545,905
2018-01-16,550,933,530,734
2018-01-17,410,816,456,704
2018-01-18,276,558,352,531
2018-01-19,301,608,390,547
2018-01-20,134,283,106,204
2018-01-21,108,184,106,201
2018-01-22,373,671,455,680
2018-01-23,361,773,465,621
2018-01-24,179,474,239,463
2018-01-25,327,560,194,444
2018-01-26,471,876,368,715
2018-01-27,188,378,127,292
2018-01-28,151,255,104,233
2018-01-29,494,847,476,817
2018-01-30,456,788,454,757
2018-01-31,448,805,402,741
2018-02-01,144,401,164,286
2018-02-02,414,1009,348,592
2018-02-03,123,249,77,145
2018-02-04,82,195,77,157
2018-02-05,297,708,382,583
2018-02-06,286,652,364,526
2018-02-07,218,572,399,532
2018-02-08,286,565,426,523
2018-02-09,235,544,374,472
2018-02-10,112,227,82,155
2018-02-11,87,211,87,204
2018-02-12,300,629,518,633
2018-02-13,302,614,383,536
2018-02-14,360,763,413,602
2018-02-15,303,667,422,586
2018-02-16,307,592,363,527
2018-02-17,105,255,81,143
2018-02-18,98,180,92,192
2018-02-19,208,456,355,477
2018-02-20,275,431,325,448
2018-02-21,259,455,285,424
2018-02-22,202,508,274,392
2018-02-23,207,456,219,298
2018-02-24,109,337,73,130
2018-02-25,81,196,81,149
2018-02-26,284,527,420,486
2018-02-27,234,560,266,343
2018-02-28,233,614,217,348
2018-03-01,225,626,285,387
2018-03-02,255,473,275,380
2018-03-03,99,195,67,108
2018-03-04,99,208,76,154
2018-03-05,276,552,403,586
2018-03-06,309,650,439,562
2018-03-07,358,629,405,594
2018-03-08,322,618,388,511
2018-03-09,188,512,287,374
2018-03-10,71,284,91,139
2018-03-11,92,290,119,154
2018-03-12,341,697,484,618
2018-03-13,243,558,339,507
2018-03-14,314,648,422,571
2018-03-15,344,659,367,555
2018-03-16,285,620,317,471
2018-03-17,143,256,113,186
2018-03-18,162,316,128,268
2018-03-19,384,754,497,632
2018-03-20,281,742,469,607
2018-03-21,351,721,420,585
2018-03-22,398,729,434,565
2018-03-23,307,738,405,515
2018-03-24,170,335,122,210
2018-03-25,,,180,345
2018-03-26,468,826,541,721
2018-03-27,478,821,537,718
2018-03-28,420,930,544,675
2018-03-29,320,718,408,534
2018-03-30,153,386,166,295
2018-03-31,189,405,157,370
2018-04-01,142,359,201,298
2018-04-02,40,141,43,71
2018-04-03,342,756,419,586
2018-04-04,488,996,542,820
2018-04-05,616,1157,531,843
2018-04-06,577,1200,466,844
2018-04-07,569,999,454,853
2018-04-08,497,995,471,974
2018-04-09,1247,2203,1112,1760
2018-04-10,1177,2083,964,1661
2018-04-11,1396,2343,1091,1881
2018-04-12,1400,2470,1106,1856
2018-04-13,1423,2452,989,1776
2018-04-14,1161,1888,905,1830
2018-04-15,859,1462,746,1609
2018-04-16,954,1648,887,1520
2018-04-17,1810,2976,1405,2388
2018-04-18,1918,3218,1614,2594
2018-04-19,2103,3429,1593,2912
2018-04-20,1987,3218,1295,2380
2018-04-21,1075,1909,629,1378
2018-04-22,613,1268,512,1151
2018-04-23,1919,3146,1552,2563
2018-04-24,1734,2876,1221,2130
2018-04-25,1565,2564,1166,2079
2018-04-26,1877,3088,1485,2445
2018-04-27,1694,3061,1116,2090
2018-04-28,1134,1886,736,1604
2018-04-29,590,1038,361,852
2018-04-30,1759,2813,1186,2255
2018-05-01,627,900,261,582
2018-05-02,1205,2400,1164,1948
2018-05-03,2078,3566,1742,2842
2018-05-04,2206,3558,1557,2688
2018-05-05,1643,2570,1286,2687
2018-05-06,1596,2606,1709,3369
2018-05-07,2842,4824,2465,4177
2018-05-08,3019,5112,2475,4438
2018-05-09,3033,5125,2308,3952
2018-05-10,1686,3165,1519,3633
2018-05-11,2522,4399,1731,3579
2018-05-12,2152,3272,1420,3324
2018-05-13,1621,2463,1813,3996
2018-05-14,3728,5896,3170,5767
2018-05-15,4104,6169,3072,6300
2018-05-16,4140,6518,2737,5643
2018-05-17,4069,6078,2850,5105
2018-05-18,2920,4710,1126,3379
2018-05-19,2669,3671,840,3470
2018-05-20,1937,3258,1674,3900
2018-05-21,3838,5853,2944,5722
2018-05-22,4002,6327,2706,5969
2018-05-23,3965,5956,2198,5289
2018-05-24,3975,5969,1994,5163
2018-05-25,3773,5773,2010,4651
2018-05-26,2669,4387,1409,3654
2018-05-27,2114,3891,1670,3761
2018-05-28,3849,5840,2113,5776
2018-05-29,4385,6232,1979,6480
2018-05-30,4238,6274,1910,5858
2018-05-31,3964,6054,2640,5164
2018-06-01,3906,5267,2709,4599
2018-06-02,2424,3340,1308,3267
2018-06-03,2197,3144,1839,4459
2018-06-04,3538,5285,2977,4477
2018-06-05,2958,4684,2610,3737
2018-06-06,3197,4969,2913,3809
2018-06-07,3348,4945,2556,3954
2018-06-08,3015,4469,2356,3454
2018-06-09,2035,3125,1280,2483
2018-06-10,1740,2851,1807,3318
2018-06-11,3685,5618,3488,5355
2018-06-12,3285,5726,2670,4231
2018-06-13,3862,5786,3420,4902
2018-06-14,3812,5776,3256,4767
2018-06-15,3372,5002,2532,3738
2018-06-16,2573,3288,1640,3346
2018-06-17,1944,2776,1973,3736
2018-06-18,3484,5499,3151,4475
2018-06-19,2533,3770,2076,2842
2018-06-20,3466,5288,2955,4185
2018-06-21,2125,3167,1519,2365
2018-06-22,519,707,314,599
2018-06-23,1052,1431,1029,1823
2018-06-24,813,1352,755,1343
2018-06-25,2165,3989,2341,3593
2018-06-26,2664,5332,3260,4761
2018-06-27,2747,5533,3264,5074
2018-06-28,2893,5479,2686,5340
2018-06-29,1499,3309,1199,2021
2018-06-30,1170,2790,826,1808
2018-07-01,1079,2608,1157,2381
2018-07-02,1283,2859,1557,2211
2018-07-03,1070,2331,1108,1761
2018-07-04,2242,4539,2377,3801
2018-07-05,1580,3487,1843,2793
2018-07-06,1557,3305,1436,2416
2018-07-07,1492,2867,1496,3080
2018-07-08,1100,2302,1528,2441
2018-07-09,1846,4018,2280,3675
2018-07-10,1864,4167,2307,3571
2018-07-11,1996,4369,2355,3941
2018-07-12,1824,4266,2386,4293
2018-07-13,1864,4064,2019,3769
2018-07-14,1335,3156,1452,3195
2018-07-15,1221,3431,1916,3278
2018-07-16,1987,5269,2622,4975
2018-07-17,1727,4466,2428,4630
2018-07-18,1805,4454,2407,4443
2018-07-19,1697,4262,2205,4242
2018-07-20,856,2208,825,1504
2018-07-21,1070,2513,968,2390
2018-07-22,1110,2639,1610,3460
2018-07-23,1591,4179,2324,4464
2018-07-24,1741,4442,2515,4559
2018-07-25,1832,4722,2554,4675
2018-07-26,1715,4855,2153,4287
2018-07-27,1743,4196,1871,3792
2018-07-28,1319,2984,1342,2723
2018-07-29,1000,2485,1358,2851
2018-07-30,1847,4739,2742,4723
2018-07-31,2152,5221,3029,5094
2018-08-01,2146,5359,3059,5163
2018-08-02,2171,5327,2900,4847
2018-08-03,1919,4694,2188,3889
2018-08-04,1443,3266,1330,2529
2018-08-05,1244,2924,1593,2943
2018-08-06,2167,5601,3226,4573
2018-08-07,2387,5893,3748,5005
2018-08-08,2435,6307,3896,5569
2018-08-09,2652,6957,3426,5299
2018-08-10,2213,5989,2729,3868
2018-08-11,1769,3745,1508,2964
2018-08-12,1114,2578,774,1396
2018-08-13,2405,5886,3707,4817
2018-08-14,2472,6291,3927,5175
2018-08-15,2483,6258,3461,4643
2018-08-16,2686,6529,3698,5065
2018-08-17,2463,5857,3116,4592
2018-08-18,1478,3386,1464,2454
2018-08-19,1184,3120,1208,2327
2018-08-20,1406,3540,2570,3136
2018-08-21,2160,5598,3238,4449
2018-08-22,2363,5790,3332,4503
2018-08-23,2642,6182,2842,3955
2018-08-24,1974,5165,2793,3903
2018-08-25,1074,2632,976,1847
2018-08-26,722,2255,1021,1756
2018-08-27,1952,5249,3303,4137
2018-08-28,2094,5475,3038,4123
2018-08-29,2193,5816,3477,4697
2018-08-30,1769,4940,2682,3777
2018-08-31,1707,4882,2504,3433
2018-09-01,790,2314,663,1342
2018-09-02,951,2659,1276,2284
2018-09-03,1936,5692,3439,4668
2018-09-04,2000,5514,3075,4161
2018-09-05,1956,5255,2923,3955
2018-09-06,2004,5562,2868,4328
2018-09-07,1790,4907,2510,3549
2018-09-08,1001,3069,1214,2407
2018-09-09,715,2497,1184,2199
2018-09-10,1529,4523,2725,3536
2018-09-11,1166,3346,1865,2668
2018-09-12,1516,4387,2415,3206
2018-09-13,1660,4816,2596,3689
2018-09-14,1427,4110,2016,2827
2018-09-15,482,1410,413,805
2018-09-16,646,2097,1314,2316
2018-09-17,782,2501,1521,2065
2018-09-18,1546,4472,2552,3506
2018-09-19,1743,4829,2814,3882
2018-09-20,1734,4543,2534,3341
2018-09-21,1412,4003,2030,2627
2018-09-22,529,1466,327,791
2018-09-23,654,1930,927,1811
2018-09-24,1442,4512,2507,3223
2018-09-25,1444,4137,2260,3164
2018-09-26,813,2610,1278,1713
2018-09-27,1196,3761,1759,2436
2018-09-28,1110,3576,1642,2229
2018-09-29,563,1744,582,1102
2018-09-30,497,1421,509,951
2018-10-01,1332,4022,2281,2795
2018-10-02,1262,3932,2182,2615
2018-10-03,651,2017,1059,1370
2018-10-04,1177,3553,1851,2436
2018-10-05,772,2191,1064,1353
2018-10-06,551,1737,580,1064
2018-10-07,580,1371,514,1023
2018-10-08,940,2624,1493,1788
2018-10-09,1026,2801,1433,1932
2018-10-10,1344,3705,2024,2606
2018-10-11,1349,3895,1983,2531
2018-10-12,1129,3152,1547,1929
2018-10-13,685,1830,683,1131
2018-10-14,744,1772,1069,1832
2018-10-15,1318,3565,1983,2520
2018-10-16,1268,3436,1849,2351
2018-10-17,1232,3575,1745,2194
2018-10-18,984,2753,1204,1696
2018-10-19,986,2847,1407,1849
2018-10-20,523,1740,502,867
2018-10-21,400,1290,581,986
2018-10-22,1024,2819,1462,1953
2018-10-23,796,2164,1171,1506
2018-10-24,1036,2878,1223,1739
2018-10-25,1000,2864,1360,1784
2018-10-26,778,2171,1092,1386
2018-10-27,377,967,316,513
2018-10-28,326,933,436,740
2018-10-29,589,1542,1019,1173
2018-10-30,528,1476,768,1019
2018-10-31,852,2227,1047,1574
2018-11-01,906,2403,1224,1728
2018-11-02,626,1736,785,1130
2018-11-03,331,965,336,719
2018-11-04,336,892,542,976
2018-11-05,865,2191,1252,1753
2018-11-06,881,2303,1205,1718
2018-11-07,901,2138,1062,1570
2018-11-08,817,2035,1064,1519
2018-11-09,709,1915,850,1299
2018-11-10,289,778,222,451
2018-11-11,193,628,250,483
2018-11-12,623,1503,837,1248
2018-11-13,552,1451,700,1193
2018-11-14,855,2189,1005,1470
2018-11-15,896,2184,1002,1488
2018-11-16,729,1886,812,1227
2018-11-17,378,1036,374,702
2018-11-18,303,788,410,698
2018-11-19,721,1825,935,1361
2018-11-20,734,1828,928,1409
2018-11-21,691,1743,886,1362
2018-11-22,730,1725,793,1267
2018-11-23,556,1595,577,1015
2018-11-24,265,816,244,556
2018-11-25,250,628,193,434
2018-11-26,498,1469,771,1046
2018-11-27,572,1444,690,1027
2018-11-28,516,1401,620,994
2018-11-29,477,1181,493,767
2018-11-30,312,963,362,541
2018-12-01,167,579,147,310
2018-12-02,135,472,152,287
2018-12-03,463,1257,659,907
2018-12-04,382,1054,462,791
2018-12-05,383,1282,547,834
2018-12-06,161,564,162,347
2018-12-07,300,883,347,576
2018-12-08,66,282,65,126
2018-12-09,105,352,94,269
2018-12-10,422,1268,591,883
2018-12-11,505,1440,615,921
2018-12-12,436,1431,600,931
2018-12-13,470,1375,562,848
2018-12-14,406,1203,430,713
2018-12-15,190,514,125,241
2018-12-16,115,330,154,240
2018-12-17,207,763,416,559
2018-12-18,249,905,429,655
2018-12-19,286,936,417,691
2018-12-20,323,886,405,610
2018-12-21,191,677,322,463
2018-12-22,76,198,74,113
2018-12-23,57,175,56,127
2018-12-24,20,68,34,97
2018-12-25,10,80,48,79
2018-12-26,32,163,62,107
2018-12-27,107,372,177,294
2018-12-28,133,429,171,288
2018-12-29,79,264,83,170
2018-12-30,60,290,83,149
2018-12-31,136,371,153,250
2019-01-01,50,146,54,100
2019-01-02,144,410,267,346
2019-01-03,176,490,303,466
2019-01-04,152,524,321,373
2019-01-05,87,271,95,182
2019-01-06,60,232,102,164
2019-01-07,272,797,484,696
2019-01-08,218,637,423,523
2019-01-09,196,637,447,450
2019-01-10,220,722,489,570
2019-01-11,209,664,450,551
2019-01-12,73,314,148,214
2019-01-13,52,262,113,175
2019-01-14,189,696,521,601
2019-01-15,225,725,509,592
2019-01-16,207,789,525,611
2019-01-17,109,419,241,323
2019-01-18,112,522,401,435
2019-01-19,63,242,93,142
2019-01-20,37,211,78,124
2019-01-21,158,508,411,468
2019-01-22,167,538,346,446
2019-01-23,173,635,465,464
2019-01-24,164,651,437,461
2019-01-25,166,572,400,397
2019-01-26,30,156,44,73
2019-01-27,29,140,62,71
2019-01-28,139,485,433,425
2019-01-29,106,380,277,294
2019-01-30,93,429,325,377
2019-01-31,97,527,425,431
2019-02-01,87,488,371,388
2019-02-02,15,159,74,77
2019-02-03,11,85,27,52
2019-02-04,149,504,423,401
2019-02-05,98,403,347,355
2019-02-06,107,448,352,360
2019-02-07,73,446,324,312
2019-02-08,78,433,343,309
2019-02-09,17,177,61,84
2019-02-10,22,140,57,71
2019-02-11,104,473,369,377
2019-02-12,115,593,446,483
2019-02-13,132,567,451,384
2019-02-14,133,648,391,428
2019-02-15,132,614,390,366
2019-02-16,73,284,127,136
2019-02-17,65,218,105,155
2019-02-18,192,597,394,402
2019-02-19,151,524,340,346
2019-02-20,162,580,395,374
2019-02-21,158,563,375,362
2019-02-22,114,485,284,279
2019-02-23,44,341,82,184
2019-02-24,69,301,125,139
2019-02-25,235,892,625,616
2019-02-26,304,1069,632,642
2019-02-27,350,1017,624,663
2019-02-28,291,951,545,623
2019-03-01,241,770,429,465
2019-03-02,105,388,134,229
2019-03-03,97,325,125,247
2019-03-04,311,879,571,638
2019-03-05,219,627,463,438
2019-03-06,193,700,418,482
2019-03-07,166,634,477,435
2019-03-08,172,642,371,380
2019-03-09,70,303,97,149
2019-03-10,84,278,124,143
2019-03-11,250,775,488,455
2019-03-12,237,796,546,487
2019-03-13,228,852,510,466
2019-03-14,226,729,438,423
2019-03-15,204,740,409,445
2019-03-16,90,362,121,183
2019-03-17,82,310,125,235
2019-03-18,287,969,582,707
2019-03-19,384,1034,597,732
2019-03-20,358,1023,614,770
2019-03-21,501,1228,622,889
2019-03-22,396,1172,640,849
2019-03-23,129,427,107,215
2019-03-24,195,648,375,666
2019-03-25,525,1365,898,1030
2019-03-26,568,1402,860,1071
2019-03-27,590,1451,811,1046
2019-03-28,654,1595,883,1199
2019-03-29,632,1745,969,1254
2019-03-30,313,1011,493,803
2019-03-31,222,600,293,541
2019-04-01,884,2239,1271,1682
2019-04-02,1047,2552,1279,1715
2019-04-03,1234,2845,1414,1876
2019-04-04,1195,2999,1413,1970
2019-04-05,1201,2847,1247,1706
2019-04-06,837,2206,872,1720
2019-04-07,695,1606,1040,1873
2019-04-08,836,1983,976,1286
2019-04-09,825,1852,851,1119
2019-04-10,892,2119,1025,1287
2019-04-11,1060,2555,1094,1449
2019-04-12,1070,2609,1174,1496
2019-04-13,610,1700,543,974
2019-04-14,569,1475,768,1154
2019-04-15,1451,3437,1740,2317
2019-04-16,1646,3726,1891,2665
2019-04-17,1587,3967,1830,2544
2019-04-18,1360,3500,1566,2246
2019-04-19,742,1824,935,1792
2019-04-20,649,1757,689,1344
2019-04-21,597,1848,980,1727
2019-04-22,687,1863,1069,1875
2019-04-23,1842,4561,2402,3355
2019-04-24,2072,5089,2470,3684
2019-04-25,1952,5031,2263,3143
2019-04-26,1401,3746,1690,2237
2019-04-27,1506,3361,1558,3118
2019-04-28,791,2341,1116,1921
2019-04-29,1949,4539,2023,2965
2019-04-30,1499,3903,1698,2400
2019-05-01,1095,2515,977,2294
2019-05-02,912,2144,996,1568
2019-05-03,1035,2797,966,1548
2019-05-04,459,1400,431,944
2019-05-05,685,1983,1005,1688
2019-05-06,1875,4541,2294,3210
2019-05-07,1795,4568,2162,3063
2019-05-08,1929,4695,2070,3161
2019-05-09,1937,4607,2156,3249
2019-05-10,1155,2896,1234,1719
2019-05-11,535,1535,500,930
2019-05-12,627,1862,939,1782
2019-05-13,1766,4384,2182,2983
2019-05-14,1910,4943,2349,3503
2019-05-15,2152,5522,2554,3522
2019-05-16,2181,5464,2372,3565
2019-05-17,2141,5279,2187,3377
2019-05-18,1625,3504,965,3191
2019-05-19,1332,2865,1784,3258
2019-05-20,2267,5873,2777,3966
2019-05-21,2487,6141,2843,4442
2019-05-22,2685,6176,2881,4240
2019-05-23,,5601,2167,3191
2019-05-24,,3202,1176,1745
2019-05-25,,2574,623,1088
2019-05-26,,1171,313,567
2019-05-27,,5642,2045,2859
2019-05-28,,4783,2116,3108
2019-05-29,,4546,1853,2789
2019-05-30,,3866,1614,2670
2019-05-31,,3421,1122,1846
2019-06-01,,2593,908,1527
2019-06-02,,2547,1007,1726
2019-06-03,,5949,2758,4018
2019-06-04,,4612,2069,3520
2019-06-05,,6458,3199,4968
2019-06-06,,6579,3063,5121
2019-06-07,,5545,2362,3925
2019-06-08,,3755,1466,3605
2019-06-09,,2962,1569,3061
2019-06-10,,5889,2601,4167
2019-06-11,,6510,2989,4626
2019-06-12,,6614,2654,3684
2019-06-13,0,4452,1684,2529
2019-06-14,0,4406,1637,2363
2019-06-15,,3276,1140,2507
2019-06-16,,3154,1669,3492
2019-06-17,,6086,2696,4291
2019-06-18,,6488,3019,4726
2019-06-19,,6231,2688,4313
2019-06-20,,4835,1949,3370
2019-06-21,,2044,856,2300
2019-06-22,,1703,672,1673
2019-06-23,,1933,967,2044
2019-06-24,,5317,2585,3947
2019-06-25,,5698,2557,3999
2019-06-26,0,4895,1223,2708
2019-06-27,0,3650,733,2136
2019-06-28,0,4943,1111,3408
2019-06-29,0,3390,628,1953
2019-06-30,0,3010,964,2770
2019-07-01,0,5154,1104,3813
2019-07-02,0,3304,597,2151
2019-07-03,0,4041,696,2410
2019-07-04,0,4979,865,3011
2019-07-05,0,3280,495,1535
2019-07-06,0,1966,430,1069
2019-07-07,0,1983,722,1505
2019-07-08,0,3883,770,2233
2019-07-09,0,3840,1076,2216
2019-07-10,0,4712,1617,3336
2019-07-11,0,3832,1198,2042
2019-07-12,0,3837,1098,2157
2019-07-13,0,2848,962,2095
2019-07-14,0,2441,1076,2082
2019-07-15,0,4062,961,2553
2019-07-16,0,2633,725,1544
2019-07-17,0,4490,1676,3088
2019-07-18,0,4568,1624,3533
2019-07-19,0,3966,1346,2810
2019-07-20,0,3098,1150,2686
2019-07-21,,2760,1384,2966
2019-07-22,0,4087,1391,2641
2019-07-23,286,4735,1827,3485
2019-07-24,1983,4962,1861,3735
2019-07-25,1987,4633,1691,3556
2019-07-26,1712,4370,1555,3198
2019-07-27,1431,3385,1207,3003
2019-07-28,1090,3016,1164,2821
2019-07-29,1892,4595,1894,3167
2019-07-30,1733,4394,1616,2655
2019-07-31,2208,5056,1990,3311
2019-08-01,1680,5361,1821,3330
2019-08-02,2006,4666,1630,2590
2019-08-03,1168,3054,973,1741
2019-08-04,1020,2540,1107,1922
2019-08-05,1990,5693,2611,3767
2019-08-06,2127,5587,2205,3440
2019-08-07,1818,5284,1740,3094
2019-08-08,1382,5892,2361,3569
2019-08-09,1788,5155,1726,2761
2019-08-10,1323,3797,1281,2955
2019-08-11,703,1834,429,879
2019-08-12,1919,5370,2507,3697
2019-08-13,2108,6010,2851,4126
2019-08-14,1973,5135,1900,3116
2019-08-15,2578,6911,2443,3570
2019-08-16,2034,5361,2177,3271
2019-08-17,1468,3411,1238,2363
2019-08-18,1042,2699,1180,2137
2019-08-19,1283,3757,1550,2429
2019-08-20,2316,6031,2667,3991
2019-08-21,2216,6107,2522,3907
2019-08-22,2538,5911,2604,3810
2019-08-23,926,2520,714,1203
2019-08-24,1491,3349,1139,2143
2019-08-25,1221,2850,1533,2561
2019-08-26,2524,5999,2802,3996
2019-08-27,2718,6539,2900,4329
2019-08-28,2673,6294,2795,4564
2019-08-29,2757,6311,2659,4445
2019-08-30,1976,4636,1466,2513
2019-08-31,1407,3375,1083,2103
2019-09-01,1246,2912,1384,2745
2019-09-02,2305,5362,2374,3383
2019-09-03,2456,5732,2381,3665
2019-09-04,2295,5260,2239,3233
2019-09-05,1975,4743,1839,2670
2019-09-06,1614,3829,1252,2109
2019-09-07,863,2238,595,1256
2019-09-08,640,1888,616,1287
2019-09-09,1794,4389,1758,2704
2019-09-10,2548,5958,2776,4205
2019-09-11,1690,4063,1664,2294
2019-09-12,1556,3707,1319,1977
2019-09-13,1426,3407,1264,1822
2019-09-14,1027,2304,662,1184
2019-09-15,335,1215,227,482
2019-09-16,1839,4288,1952,2614
2019-09-17,2000,4533,1898,2756
2019-09-18,1926,4438,1951,2594
2019-09-19,1849,4200,1526,2376
2019-09-20,1550,4015,1340,2023
2019-09-21,725,1738,437,793
2019-09-22,799,1657,741,1379
2019-09-23,1676,4022,1738,2445
2019-09-24,1631,3793,1563,2221
2019-09-25,1410,3321,1306,1830
2019-09-26,1914,4275,1639,2517
2019-09-27,1721,3978,1320,2074
2019-09-28,944,2127,728,1381
2019-09-29,664,1676,471,958
2019-09-30,1796,3691,1487,2269
2019-10-01,1497,3102,1207,1862
2019-10-02,1645,3411,1469,2005
2019-10-03,1244,2401,1045,1495
2019-10-04,1279,2531,966,1338
2019-10-05,643,1545,403,794
2019-10-06,626,1363,439,816
2019-10-07,1540,3117,1318,1866
2019-10-08,1657,3398,1372,1982
2019-10-09,1651,3155,1295,1851
2019-10-10,1719,3242,1253,1869
2019-10-11,1077,2149,786,1234
2019-10-12,615,1345,290,655
2019-10-13,580,1303,563,1008
2019-10-14,811,1750,705,1105
2019-10-15,1388,2847,1114,1756
2019-10-16,1283,2461,976,1484
2019-10-17,959,1901,680,1130
2019-10-18,995,1996,760,1206
2019-10-19,500,999,282,541
2019-10-20,498,908,358,698
2019-10-21,1413,2627,1155,1677
2019-10-22,1396,2597,1060,1680
2019-10-23,1636,3052,1346,2042
2019-10-24,1565,2897,1197,1919
2019-10-25,1157,2216,843,1371
2019-10-26,359,721,170,389
2019-10-27,217,477,174,327
2019-10-28,1057,2146,906,1306
2019-10-29,1102,2149,845,1330
2019-10-30,1068,2218,823,1347
2019-10-31,1180,2171,823,1393
2019-11-01,881,1764,760,1087
2019-11-02,303,665,180,415
2019-11-03,330,699,299,515
2019-11-04,918,1836,865,1198
2019-11-05,905,1687,749,1175
2019-11-06,851,1582,759,1082
2019-11-07,490,1044,590,746
2019-11-08,523,1082,478,681
2019-11-09,327,711,184,428
2019-11-10,181,369,133,283
2019-11-11,837,1685,806,1208
2019-11-12,960,1725,868,1278
2019-11-13,556,1018,497,786
2019-11-14,637,1282,532,933
2019-11-15,834,1728,699,1059
2019-11-16,362,741,184,386
2019-11-17,306,634,249,454
2019-11-18,952,1755,852,1294
2019-11-19,986,1702,760,1276
2019-11-20,942,1819,763,1250
2019-11-21,934,1754,775,1202
2019-11-22,786,1483,526,878
2019-11-23,367,778,200,400
2019-11-24,294,616,217,487
2019-11-25,913,1911,1052,1526
2019-11-26,920,1673,701,1157
2019-11-27,664,1350,448,968
2019-11-28,574,1076,405,779
2019-11-29,524,951,311,705
2019-11-30,187,429,114,257
2019-12-01,153,400,112,251
2019-12-02,611,1090,526,812
2019-12-03,645,1135,464,852
2019-12-04,700,1334,560,1022
2019-12-05,661,1233,497,917
2019-12-06,183,400,72,244
2019-12-07,162,374,74,202
2019-12-08,240,440,166,425
2019-12-09,605,1207,518,887
2019-12-10,521,1021,519,806
2019-12-11,586,1158,508,800
2019-12-12,627,1120,474,894
2019-12-13,608,1070,420,770
2019-12-14,305,538,150,315
2019-12-15,191,345,110,246
2019-12-16,678,1288,614,952
2019-12-17,766,1400,564,989
2019-12-18,458,826,297,614
2019-12-19,689,1325,531,951
2019-12-20,580,1123,409,761
2019-12-21,257,582,147,310
2019-12-22,170,391,88,240
2019-12-23,355,746,214,463
2019-12-24,98,165,69,214
2019-12-25,92,182,106,200
2019-12-26,140,243,111,247
2019-12-27,221,490,148,296
2019-12-28,169,339,118,242
2019-12-29,142,400,107,201
2019-12-30,359,756,257,587
2019-12-31,355,705,277,497
2020-01-01,148,276,152,298
2020-01-02,528,1060,430,772
2020-01-03,345,801,262,502
2020-01-04,247,577,211,355
2020-01-05,188,466,204,342
2020-01-06,178,409,110,253
2020-01-07,617,1247,584,976
2020-01-08,518,1018,408,780
2020-01-09,716,1459,713,1083
2020-01-10,670,1294,545,917
2020-01-11,277,540,189,390
2020-01-12,229,467,135,318
2020-01-13,702,1428,761,1081
2020-01-14,697,1495,718,993
2020-01-15,467,931,382,788
2020-01-16,753,1510,649,1056
2020-01-17,683,1426,560,952
2020-01-18,247,526,142,290
2020-01-19,256,502,242,457
2020-01-20,747,1536,730,1089
2020-01-21,778,1628,711,1185
2020-01-22,615,1423,659,968
2020-01-23,670,1282,575,950
2020-01-24,622,1241,510,802
2020-01-25,308,591,218,415
2020-01-26,238,556,228,454
2020-01-27,538,1072,563,851
2020-01-28,557,1065,504,803
2020-01-29,552,1122,522,801
2020-01-30,515,1062,508,779
2020-01-31,612,1235,519,843
2020-02-01,217,474,106,235
2020-02-02,217,537,192,355
2020-02-03,692,1261,757,1025
2020-02-04,620,1290,660,1000
2020-02-05,671,1280,560,966
2020-02-06,570,1215,597,911
2020-02-07,493,1037,468,718
2020-02-08,195,433,125,247
2020-02-09,162,370,156,220
2020-02-10,431,798,331,623
2020-02-11,699,1302,610,1057
2020-02-12,604,1174,503,845
2020-02-13,697,1310,618,965
2020-02-14,578,1222,505,827
2020-02-15,184,434,128,222
2020-02-16,109,233,62,158
2020-02-17,456,874,379,664
2020-02-18,569,1140,527,824
2020-02-19,611,1247,551,963
2020-02-20,581,1148,567,828
2020-02-21,378,797,335,523
2020-02-22,92,248,52,117
2020-02-23,306,495,316,611
2020-02-24,758,1462,790,1140
2020-02-25,746,1445,729,1143
2020-02-26,707,1432,625,991
2020-02-27,667,1252,633,971
2020-02-28,593,1227,542,842
2020-02-29,255,489,154,273
2020-03-01,108,356,85,199
2020-03-02,613,1227,645,925
2020-03-03,680,1255,713,971
2020-03-04,416,868,460,703
2020-03-05,666,1303,649,940
2020-03-06,689,1314,721,994
2020-03-07,343,729,316,451
2020-03-08,307,682,369,686
2020-03-09,784,1556,923,1259
2020-03-10,598,1135,641,940
2020-03-11,512,951,489,806
2020-03-12,671,1295,726,1080
2020-03-13,537,1181,626,950
2020-03-14,268,718,339,640
2020-03-15,262,498,459,561
2020-03-16,414,932,437,783
2020-03-17,612,1183,597,922
2020-03-18,418,902,467,850
2020-03-19,614,1173,864,1370
2020-03-20,545,927,658,1199
2020-03-21,233,521,318,571
2020-03-22,333,541,792,1111
2020-03-23,531,1019,602,1098
2020-03-24,619,964,701,1245
2020-03-25,573,1023,680,1236
2020-03-26,728,1296,954,1714
2020-03-27,658,1210,915,1498
2020-03-28,674,1143,1696,2240
2020-03-29,499,975,1295,1784
2020-03-30,625,1391,731,1302
2020-03-31,583,1089,619,1121
2020-04-01,699,1555,1089,1712
2020-04-02,638,1130,765,1233
2020-04-03,434,868,462,811
2020-04-04,772,1294,1537,2256
2020-04-05,762,1355,1859,2686
2020-04-06,834,1646,1170,1991
2020-04-07,951,2146,1314,2302
2020-04-08,1025,2206,1441,2428
2020-04-09,957,2164,1151,2037
2020-04-10,769,1634,1828,2494
2020-04-11,859,1641,1863,2571
2020-04-12,152,376,235,393
2020-04-13,879,1547,2060,2757
2020-04-14,565,1121,644,1107
2020-04-15,619,1211,753,1425
2020-04-16,514,968,689,1190
2020-04-17,884,1975,1139,1890
2020-04-18,1032,2181,1902,2853
2020-04-19,976,1922,2122,3024
2020-04-20,1132,2472,1490,2402
2020-04-21,1475,2757,2512,4199
2020-04-22,1326,2936,1911,3147
2020-04-23,1356,2679,1942,3133
2020-04-24,1126,2645,1239,2100
2020-04-25,1107,2248,2033,2940
2020-04-26,794,1669,1575,2116
2020-04-27,1184,2371,1381,2344
2020-04-28,1227,2333,1453,2219
2020-04-29,1000,1912,989,1730
2020-04-30,1340,2353,1211,2181
2020-05-01,873,1663,1406,2136
2020-05-02,824,1753,1269,1772
2020-05-03,954,2263,2383,3363
2020-05-04,1237,2635,1458,2298
2020-05-05,1818,3113,2484,3862
2020-05-06,1655,3194,2161,3615
2020-05-07,1573,3194,1941,3357
2020-05-08,1594,3106,1707,2943
2020-05-09,1557,2830,2391,3834
2020-05-10,923,2641,2168,3399
2020-05-11,682,1544,616,1242
2020-05-12,1430,2599,1610,2653
2020-05-13,1191,2181,1314,2226
2020-05-14,1699,3100,1850,2966
2020-05-15,1433,2498,1426,2258
2020-05-16,568,1063,590,1014
2020-05-17,893,1551,1331,2108
2020-05-18,1607,3441,1982,3153
2020-05-19,1716,3297,1778,2689
2020-05-20,1839,3603,1890,2989
2020-05-21,1334,2531,2137,3427
2020-05-22,1737,3323,2237,3676
2020-05-23,1618,2699,2484,4011
2020-05-24,1023,2313,1593,2519
2020-05-25,2017,3787,2277,3536
2020-05-26,2562,4522,3132,5398
2020-05-27,2510,3990,2856,4632
2020-05-28,1921,3504,1912,3089
2020-05-29,2418,3846,2331,3895
2020-05-30,1982,3257,2410,4255
2020-05-31,1552,2649,2752,4513
2020-06-01,2434,4236,2307,3613
2020-06-02,2702,4687,2659,4578
2020-06-03,3066,5158,2712,4471
2020-06-04,2151,3664,1732,2806
2020-06-05,1752,3062,1342,2261
2020-06-06,1304,2537,1052,1859
2020-06-07,1650,2789,2455,3722
2020-06-08,1724,3190,1563,2428
2020-06-09,2482,4337,2514,3872
2020-06-10,3238,4957,3222,5406
2020-06-11,3129,4973,2841,5279
2020-06-12,3139,4846,2392,4418
2020-06-13,2360,3643,2412,4415
2020-06-14,1820,2829,2596,4633
2020-06-15,2936,4758,2693,4838
2020-06-16,2859,4651,2350,4080
2020-06-17,3177,4839,2486,4456
2020-06-18,1710,2913,1260,2456
2020-06-19,1262,1998,1306,2944
2020-06-20,1147,1565,1333,2538
2020-06-21,1023,1842,1381,2570
2020-06-22,2462,4110,2242,4104
2020-06-23,2944,4934,2776,4770
2020-06-24,3127,5140,2909,5070
2020-06-25,3145,5109,2679,4317
2020-06-26,2869,4785,2141,3895
2020-06-27,2487,3923,2232,4255
2020-06-28,1906,2926,2246,4513
2020-06-29,2058,3540,1726,3613
2020-06-30,769,1324,743,4578
2020-07-01,1799,2986,1320,4471
2020-07-02,2296,3804,1623,2806
2020-07-03,2523,4328,1853,3049
2020-07-04,960,1622,616,1116
2020-07-05,955,1711,1067,1695
2020-07-06,1921,3334,1499,2624
2020-07-07,1738,3076,1464,2353
2020-07-08,2005,3433,1615,2553
2020-07-09,2043,3302,1565,2512
2020-07-10,2265,3738,1935,2964
2020-07-11,649,1165,358,606
2020-07-12,1502,2628,2087,3008
2020-07-13,1563,2840,1267,2038
2020-07-14,2147,3723,1782,3057
2020-07-15,2400,4000,2049,3417
2020-07-16,2250,3896,1925,3324
2020-07-17,2336,3768,1768,3098
2020-07-18,2037,2974,1614,3020
2020-07-19,1521,2429,1633,2851
2020-07-20,1918,3298,1704,2893
2020-07-21,2119,3467,1535,3207
2020-07-22,1948,3374,1594,2482
2020-07-23,1584,2771,1186,2002
2020-07-24,1143,2031,723,1283
2020-07-25,1401,2189,1006,1859
2020-07-26,1701,2465,1941,3276
2020-07-27,2243,3850,1914,3474
2020-07-28,1407,2388,1001,1788
2020-07-29,1506,2428,1279,2131
2020-07-30,2150,3437,1647,2757
2020-07-31,2202,3619,1731,2959
2020-08-01,2081,2923,1538,2696
2020-08-02,1365,2099,1416,1929
2020-08-03,1984,3071,1605,2799
2020-08-04,2432,4136,1813,2963
2020-08-05,3048,4723,2345,3962
2020-08-06,2682,4477,1942,3203
2020-08-07,2819,4268,1996,3315
2020-08-08,2323,3318,1997,3702
2020-08-09,1925,2826,2121,3716
2020-08-10,3004,5037,2626,4282
2020-08-11,3164,4995,2549,4012
2020-08-12,2952,4841,2364,3657
2020-08-13,2932,4680,2199,3601
2020-08-14,2937,4726,2136,3505
2020-08-15,2600,3526,1868,3476
2020-08-16,2149,2996,2331,4199
2020-08-17,3275,5280,2690,4606
2020-08-18,3528,5458,2878,4569
2020-08-19,3632,5589,2920,4927
2020-08-20,3771,5673,2845,4715
2020-08-21,3397,5194,2410,4335
2020-08-22,957,1649,478,799
2020-08-23,1779,2634,1976,3171
2020-08-24,2474,3879,1700,2741
2020-08-25,2852,4573,2215,3495
2020-08-26,3260,5155,2458,3819
2020-08-27,3233,5084,2392,3874
2020-08-28,3011,4575,1911,3008
2020-08-29,1943,2777,1261,2119
2020-08-30,918,1461,704,1163
2020-08-31,2254,3684,1637,2559
2020-09-01,3178,5103,2589,4102
2020-09-02,3063,5091,2206,3456
2020-09-03,2576,3938,1522,2550
2020-09-04,2297,3555,1349,2314
2020-09-05,1241,1859,693,1242
2020-09-06,1051,1697,1000,1677
2020-09-07,2548,3905,1971,3263
2020-09-08,1748,2946,1196,2055
2020-09-09,2072,3400,1480,2437
2020-09-10,2461,4048,1703,2769
2020-09-11,2383,4061,1774,2878
2020-09-12,721,1278,347,715
2020-09-13,1234,2058,1485,2411
2020-09-14,2667,4332,2186,3467
2020-09-15,2842,4569,2243,3661
2020-09-16,2334,3617,1472,2612
2020-09-17,1238,2038,625,1174
2020-09-18,2250,3721,1667,2573
2020-09-19,1499,2523,1227,1972
2020-09-20,1214,2053,1296,2008
2020-09-21,2479,3975,1836,2905
2020-09-22,2579,4184,1960,3224
2020-09-23,2713,4542,2213,3372
2020-09-24,2882,4713,2086,3499
2020-09-25,2364,3635,1467,2453
2020-09-26,1766,2618,1484,2284
2020-09-27,1546,2178,1776,2725
2020-09-28,2608,3961,2054,3279
2020-09-29,2434,3794,1758,2854
2020-09-30,2606,4037,1804,3229
2020-10-01,2725,3906,1878,3022
2020-10-02,2362,3945,1775,2579
2020-10-03,1570,2179,815,1878
2020-10-04,633,997,424,811
2020-10-05,2597,3783,1924,3267
2020-10-06,2168,3206,1358,2269
2020-10-07,2600,3815,1860,3063
2020-10-08,2182,3126,1263,2269
2020-10-09,1769,2501,1035,1854
2020-10-10,1538,2193,1249,2014
2020-10-11,886,1327,809,1352
2020-10-12,1783,2951,1241,2212
2020-10-13,1998,3067,1345,2441
2020-10-14,1904,2981,1386,2305
2020-10-15,1701,2818,1175,2090
2020-10-16,1478,2538,1010,1777
2020-10-17,937,1573,817,1279
2020-10-18,751,1170,726,1212
2020-10-19,1546,2331,1014,1811
2020-10-20,1690,2705,1115,2094
2020-10-21,1274,2056,716,1442
2020-10-22,1007,1563,518,1187
2020-10-23,1536,2451,869,1708
2020-10-24,1058,1633,784,1280
2020-10-25,797,1251,811,1127
2020-10-26,1538,2525,1019,2007
2020-10-27,1331,1989,800,1715
2020-10-28,1712,2710,1142,2205
2020-10-29,1867,2717,1115,2232
2020-10-30,1559,2610,1044,1856
2020-10-31,801,1369,658,1490
2020-11-01,691,1093,737,1304
2020-11-02,1129,1910,792,1509
2020-11-03,1485,2390,1008,2058
2020-11-04,1355,2133,918,1721
2020-11-05,1555,2256,971,1855
2020-11-06,1473,2294,1032,1931
2020-11-07,961,1527,853,1485
2020-11-08,599,1022,727,1293
2020-11-09,1416,2275,1001,1901
2020-11-10,1507,2286,941,1968
2020-11-11,1270,1871,739,1626
2020-11-12,1508,2246,899,1955
2020-11-13,1315,2169,788,1577
2020-11-14,805,1271,560,1004
2020-11-15,649,1060,578,1059
2020-11-16,1298,1950,817,1588
2020-11-17,967,1519,569,1242
2020-11-18,1303,2149,775,1793
2020-11-19,684,1264,374,880
2020-11-20,757,1216,483,900
2020-11-21,418,715,250,486
2020-11-22,546,914,627,987
2020-11-23,1097,1809,774,1573
2020-11-24,1139,1813,780,1612
2020-11-25,934,1466,553,1168
2020-11-26,998,1509,556,1343
2020-11-27,983,1639,582,1181
2020-11-28,601,920,412,859
2020-11-29,322,585,229,444
2020-11-30,643,947,375,932
2020-12-01,770,1146,439,1199
2020-12-02,1029,1354,648,1234
2020-12-03,868,1366,511,1122
2020-12-04,655,959,382,789
2020-12-05,474,722,333,675
2020-12-06,374,561,347,784
2020-12-07,857,1329,608,1247
2020-12-08,945,1425,602,1276
2020-12-09,890,1378,456,1150
2020-12-10,864,1349,490,1101
2020-12-11,751,1149,425,907
2020-12-12,385,734,323,669
2020-12-13,336,560,324,621
2020-12-14,793,1266,384,1152
2020-12-15,813,1217,458,1099
2020-12-16,636,982,344,898
2020-12-17,889,1399,505,1173
2020-12-18,603,843,250,720
2020-12-19,475,773,292,619
2020-12-20,279,500,285,482
2020-12-21,660,1156,388,819
2020-12-22,707,1228,361,918
2020-12-23,450,725,197,524
2020-12-24,204,335,175,491
2020-12-25,109,213,183,321
2020-12-26,172,326,205,421
2020-12-27,173,305,146,301
2020-12-28,401,697,294,571
2020-12-29,337,523,177,474
2020-12-30,323,582,172,468
2020-12-31,379,568,209,514
2021-01-01,248,366,306,469
2021-01-02,230,445,218,404
2021-01-03,90,174,127,185
2021-01-04,234,558,257,526
2021-01-05,297,622,263,570
2021-01-06,139,297,185,301
2021-01-07,351,635,354,596
2021-01-08,363,705,317,615
2021-01-09,177,317,166,282
2021-01-10,90,270,157,223
2021-01-11,260,557,273,530
2021-01-12,84,212,179,276
2021-01-13,60,182,142,246
2021-01-14,151,309,200,343
2021-01-15,124,241,124,228
2021-01-16,79,209,59,154
2021-01-17,55,199,84,145
2021-01-18,245,509,259,560
2021-01-19,183,425,296,459
2021-01-20,166,466,253,453
2021-01-21,88,275,188,285
2021-01-22,140,434,183,261
2021-01-23,98,274,84,164
2021-01-24,69,226,125,225
2021-01-25,197,471,266,455
2021-01-26,237,577,267,549
2021-01-27,269,542,293,495
2021-01-28,223,512,298,521
2021-01-29,215,498,280,493
2021-01-30,72,173,93,142
2021-01-31,50,151,72,105
2021-02-01,172,454,295,526
2021-02-02,223,507,312,527
2021-02-03,,406,228,394
2021-02-04,,485,232,410
2021-02-05,,376,186,347
2021-02-06,,228,84,150
2021-02-07,,210,95,160
2021-02-08,,490,319,537
2021-02-09,0,436,288,484
2021-02-10,0,474,249,463
2021-02-11,0,346,206,401
2021-02-12,0,356,201,363
2021-02-13,0,242,148,225
2021-02-14,0,179,131,216
2021-02-15,0,423,340,473
2021-02-16,0,523,419,587
2021-02-17,0,451,236,450
2021-02-18,0,361,204,377
2021-02-19,0,474,280,409
2021-02-20,,198,123,166
2021-02-21,0,130,72,157
2021-02-22,0,298,177,271
2021-02-23,0,251,115,230
2021-02-24,0,323,193,270
2021-02-25,,331,166,326
2021-02-26,0,416,220,382
2021-02-27,0,356,267,362
2021-02-28,0,374,287,493
2021-03-01,,722,405,722
2021-03-02,,845,573,825
2021-03-03,,826,539,775
2021-03-04,,692,428,684
2021-03-05,,705,372,581
2021-03-06,,267,138,220
2021-03-07,,199,126,209
2021-03-08,,508,360,512
2021-03-09,,243,207,306
2021-03-10,,313,178,331
2021-03-11,,501,278,405
2021-03-12,,370,231,316
2021-03-13,,306,159,261
2021-03-14,,170,117,175
2021-03-15,,447,296,497
2021-03-16,0,546,398,607
2021-03-17,0,535,378,589
2021-03-18,0,568,382,634
2021-03-19,0,610,395,556
2021-03-20,0,299,144,197
2021-03-21,0,354,244,349
2021-03-22,0,703,510,796
2021-03-23,0,815,615,896
2021-03-24,0,786,444,690
2021-03-25,0,1011,712,965
2021-03-26,0,1024,684,905
2021-03-27,0,952,1005,1307
2021-03-28,,,,
2021-03-29,0,793,443,726
2021-03-30,0,1246,867,1340
2021-03-31,,1275,907,1327
2021-04-01,969,1711,1108,1843
2021-04-02,517,764,881,1381
2021-04-03,726,1026,1184,1764
2021-04-04,646,908,1244,1637
2021-04-05,176,455,193,333
2021-04-06,779,1349,693,1208
2021-04-07,1046,1462,1026,1649
2021-04-08,1295,2028,1329,2259
2021-04-09,496,784,370,640
2021-04-10,465,784,529,798
2021-04-11,1017,1644,2164,3126
2021-04-12,1362,2109,1388,2217
2021-04-13,1420,2140,1440,2337
2021-04-14,1596,2333,1593,2600
2021-04-15,1683,2433,1703,2840
2021-04-16,1629,2479,1747,2878
2021-04-17,1514,2129,2295,3697
2021-04-18,1430,1985,2510,3896
2021-04-19,1876,2700,1953,3177
2021-04-20,1862,2816,2057,2993
2021-04-21,1977,2974,2039,3184
2021-04-22,1752,2670,1769,2734
2021-04-23,803,1289,579,981
2021-04-24,510,771,446,694
2021-04-25,648,990,852,1315
2021-04-26,1132,1727,1044,1607
2021-04-27,1492,2135,1329,2148
2021-04-28,1671,2483,1546,2433
2021-04-29,1830,2673,1460,2377
2021-04-30,1848,2508,1318,2218
2021-05-01,1127,1508,1066,1794
2021-05-02,1186,1577,1836,2518
2021-05-03,1811,2512,1520,2349
2021-05-04,1910,2757,1770,2730
2021-05-05,1092,1503,781,1239
2021-05-06,1624,2177,1043,1869
2021-05-07,1510,2252,1123,1850
2021-05-08,1224,1677,1119,1897
2021-05-09,1024,1402,1496,2188
2021-05-10,1776,2452,1609,2480
2021-05-11,2729,3961,2700,4431
2021-05-12,2899,3685,2564,4104
2021-05-13,2136,2672,2522,4256
2021-05-14,2030,2928,1659,2611
2021-05-15,1458,2091,1276,2027
2021-05-16,1549,2081,2293,3361
2021-05-17,1471,2115,1201,1854
2021-05-18,1829,2693,1455,2410
2021-05-19,1414,2034,1048,1802
2021-05-20,1882,2800,1450,2333
2021-05-21,1420,2065,911,1671
2021-05-22,1935,2605,1793,2907
2021-05-23,1226,1843,1646,2318
2021-05-24,2445,3397,2346,3315
2021-05-25,2545,3749,2455,3628
2021-05-26,765,1016,488,867
2021-05-27,2061,2769,1533,2528
2021-05-28,2400,3333,1892,3020
2021-05-29,1987,2646,1926,2898
2021-05-30,1538,2205,2175,3333
2021-05-31,2051,2951,1625,2516
2021-06-01,2766,4109,2585,4085
2021-06-02,2988,4379,2792,4421
2021-06-03,2947,4434,2508,4003
2021-06-04,2884,4349,2199,4066
2021-06-05,2137,2968,1906,3465
2021-06-06,1497,2047,1778,2705
2021-06-07,2626,3406,2109,3477
2021-06-08,3093,4241,2820,4486
2021-06-09,3194,4838,2658,4721
2021-06-10,3208,4492,2643,4605
2021-06-11,3052,4303,2253,4229
2021-06-12,1777,2736,1283,1973
2021-06-13,1345,1864,1199,1992
2021-06-14,2809,3966,2201,3513
2021-06-15,2873,4184,2091,3530
2021-06-16,3104,4760,2336,3582
2021-06-17,3189,4472,2378,3956
2021-06-18,3328,4420,2070,3783
2021-06-19,2497,3348,1967,3738
2021-06-20,1954,2659,1978,3784
2021-06-21,2958,4160,2343,4343
2021-06-22,3209,4413,2309,4470
2021-06-23,2600,3356,1750,2701
2021-06-24,2305,3229,1594,2544
2021-06-25,1256,1658,1008,2020
2021-06-26,1222,1514,1177,2154
2021-06-27,1009,1581,1137,2073
2021-06-28,2401,3449,1979,3550
2021-06-29,2930,3933,2246,3985
2021-06-30,2700,3755,1856,2923
2021-07-01,2856,3967,2159,3529
2021-07-02,2706,3830,1776,3109
2021-07-03,2280,3138,1714,3328
2021-07-04,1979,2594,1834,3400
2021-07-05,2496,3651,2050,3614
2021-07-06,2663,3657,1883,3145
2021-07-07,2676,3708,2068,3569
2021-07-08,2039,2924,1323,2465
2021-07-09,2419,3175,1611,2688
2021-07-10,2231,2763,1498,3001
2021-07-11,1632,2455,1524,2816
2021-07-12,2290,3471,1756,3216
2021-07-13,2547,3783,2092,3643
2021-07-14,2517,3648,1861,3400
2021-07-15,2549,3338,1603,3114
2021-07-16,2225,3234,1462,2631
2021-07-17,1865,2744,1516,2592
2021-07-18,1579,2038,1340,2099
2021-07-19,1993,3100,1638,2481
2021-07-20,1732,2667,1273,1925
2021-07-21,2197,3395,1615,2459
2021-07-22,2227,3079,1593,2413
2021-07-23,2251,2979,1322,2177
2021-07-24,1974,2603,1324,2096
2021-07-25,1675,2319,1631,2470
2021-07-26,2335,3255,1798,3259
2021-07-27,2571,3546,1979,3634
2021-07-28,1254,1780,807,1369
2021-07-29,2246,3149,1430,2498
2021-07-30,1029,1556,485,914
2021-07-31,1852,2373,1471,2341
2021-08-01,1332,1896,1135,1888
2021-08-02,2380,3395,1727,2738
2021-08-03,2304,3648,1599,2576
2021-08-04,2541,3677,1845,2758
2021-08-05,2878,3753,1901,3170
2021-08-06,3047,4030,1707,3851
2021-08-07,654,961,303,565
2021-08-08,1356,1986,1318,2119
2021-08-09,2371,3520,1763,2575
2021-08-10,2758,4032,2087,3354
2021-08-11,2956,4240,2163,3297
2021-08-12,2742,4142,1768,2871
2021-08-13,3033,3881,2035,3112
2021-08-14,1564,2074,973,1630
2021-08-15,1039,1528,792,1193
2021-08-16,2632,3859,2065,3058
2021-08-17,1616,2394,1032,1780
2021-08-18,1716,2249,1033,1604
2021-08-19,1680,2353,970,1643
2021-08-20,2447,3663,1672,2693
2021-08-21,1230,1654,750,1340
2021-08-22,1136,1712,1258,1818
2021-08-23,2405,3489,1810,2641
2021-08-24,2504,3753,1913,3017
2021-08-25,746,949,403,746
2021-08-26,1221,1762,677,1175
2021-08-27,1690,2455,1031,1605
2021-08-28,1563,2113,1175,1573
2021-08-29,1276,1931,1359,1943
2021-08-30,2584,3655,2163,3171
2021-08-31,2728,3931,2254,3343
2021-09-01,2474,3665,1841,2747
2021-09-02,2151,3242,1588,2367
2021-09-03,1778,2733,1121,1706
2021-09-04,1324,1965,926,1494
2021-09-05,1029,1500,882,1393
2021-09-06,2073,3165,1612,2375
2021-09-07,2211,3387,1719,2603
2021-09-08,2215,3237,1615,2390
2021-09-09,2379,3583,1794,2636
2021-09-10,2135,3331,1502,2271
2021-09-11,1312,1858,942,1429
2021-09-12,445,780,336,538
2021-09-13,1649,2676,1348,2077
2021-09-14,2105,3122,1675,2436
2021-09-15,2116,2986,1581,2337
2021-09-16,2916,4527,1715,2454
2021-09-17,2496,4247,1380,1824
2021-09-18,1052,1784,662,1084
2021-09-19,841,1390,750,1157
2021-09-20,1884,2884,1356,1872
2021-09-21,1967,3047,1493,2228
2021-09-22,2120,3127,1501,2403
2021-09-23,1887,2680,1160,1929
2021-09-24,1123,1745,541,1016
2021-09-25,1017,1616,627,1049
2021-09-26,1094,1611,1388,2051
2021-09-27,2106,2992,1692,2585
2021-09-28,2065,3137,1456,2363
2021-09-29,2070,3236,1378,2203
2021-09-30,1939,3025,1282,2074
2021-10-01,1417,2300,850,1394
2021-10-02,1173,1893,494,1436
2021-10-03,1066,1652,1098,1564
2021-10-04,2110,2990,1269,2274
2021-10-05,1263,2027,630,1379
2021-10-06,2194,3120,1224,2250
2021-10-07,1817,2674,1016,1749
2021-10-08,1756,2753,984,1753
2021-10-09,949,1638,549,1017
2021-10-10,807,1000,499,1011
2021-10-11,1722,2465,1037,1928
2021-10-12,1328,2007,792,1481
2021-10-13,1655,2468,1031,1787
2021-10-14,1850,2764,1125,1911
2021-10-15,1126,1626,468,956
2021-10-16,915,1392,613,1072
2021-10-17,683,1056,665,1067
2021-10-18,1432,2245,923,1556
2021-10-19,1518,2408,951,1692
2021-10-20,607,854,268,666
2021-10-21,1144,1865,732,1266
2021-10-22,694,984,268,599
2021-10-23,605,904,318,606
2021-10-24,566,820,404,704
2021-10-25,1376,2218,833,1644
2021-10-26,1641,2468,960,1897
2021-10-27,1297,2052,741,1474
2021-10-28,1376,2197,806,1489
2021-10-29,1394,2280,820,1523
2021-10-30,822,1322,569,932
2021-10-31,692,1200,582,1064
2021-11-01,1506,2294,1154,1916
2021-11-02,1628,2549,1207,2028
2021-11-03,1165,1650,634,1212
2021-11-04,1436,2067,835,1483
2021-11-05,754,1081,318,733
2021-11-06,640,1006,437,1030
2021-11-07,363,595,264,514
2021-11-08,1114,1900,783,1442
2021-11-09,959,1589,613,1206
2021-11-10,901,1495,504,1084
2021-11-11,1176,2086,831,1449
2021-11-12,1028,1761,697,1181
2021-11-13,559,921,352,678
2021-11-14,531,809,406,839
2021-11-15,1045,1661,687,1243
2021-11-16,1181,1900,711,1411
2021-11-17,936,1584,551,1170
2021-11-18,898,1334,466,971
2021-11-19,865,1407,445,964
2021-11-20,560,867,328,591
2021-11-21,422,670,278,557
2021-11-22,930,1481,575,1066
2021-11-23,772,1351,459,938
2021-11-24,894,1442,505,1008
2021-11-25,809,1291,421,854
2021-11-26,668,1124,345,671
2021-11-27,361,558,157,346
2021-11-28,259,413,139,288
2021-11-29,538,938,403,694
2021-11-30,472,877,368,698
2021-12-01,445,801,351,610
2021-12-02,474,844,332,624
2021-12-03,367,721,222,490
2021-12-04,203,365,75,191
2021-12-05,113,232,44,139
2021-12-06,123,181,76,147
2021-12-07,342,602,232,513
2021-12-08,311,560,222,459
2021-12-09,435,749,293,565
2021-12-10,335,640,265,459
2021-12-11,165,308,94,177
2021-12-12,128,287,80,165
2021-12-13,387,719,279,501
2021-12-14,400,629,182,518
2021-12-15,523,869,287,649
2021-12-16,605,1057,367,758
2021-12-17,575,1001,307,722
2021-12-18,377,534,159,369
2021-12-19,223,379,179,312
2021-12-20,408,725,287,519
2021-12-21,338,618,236,457
2021-12-22,330,547,155,402
2021-12-23,239,453,124,275
2021-12-24,41,77,46,101
2021-12-25,34,77,25,81
2021-12-26,46,112,34,101
2021-12-27,132,247,96,200
2021-12-28,141,356,126,293
2021-12-29,136,351,155,279
2021-12-30,135,313,135,244
2021-12-31,94,286,102,204
2022-01-01,67,136,95,121
2022-01-02,50,169,70,133
2022-01-03,156,417,173,347
2022-01-04,168,385,196,312
2022-01-05,143,410,162,308
2022-01-06,71,219,95,166
2022-01-07,139,339,138,265
2022-01-08,56,180,86,156
2022-01-09,65,208,81,138
2022-01-10,176,445,266,375
2022-01-11,177,389,239,399
2022-01-12,209,462,259,447
2022-01-13,203,539,273,466
2022-01-14,208,478,243,354
2022-01-15,130,258,105,257
2022-01-16,87,168,85,167
2022-01-17,153,404,221,362
2022-01-18,216,506,298,454
2022-01-19,205,489,315,447
2022-01-20,159,346,203,360
2022-01-21,166,385,242,324
2022-01-22,95,252,111,211
2022-01-23,54,176,72,117
2022-01-24,174,460,244,355
2022-01-25,220,522,286,458
2022-01-26,167,477,238,375
2022-01-27,174,446,257,401
2022-01-28,172,495,224,324
2022-01-29,74,209,79,96
2022-01-30,30,120,31,47
2022-01-31,104,399,180,247
2022-02-01,179,450,222,245
2022-02-02,199,468,288,372
2022-02-03,170,524,277,398
2022-02-04,195,468,235,333
2022-02-05,19,84,16,42
2022-02-06,34,120,45,62
2022-02-07,94,427,200,290
2022-02-08,153,497,248,313
2022-02-09,156,562,267,326
2022-02-10,175,505,275,331
2022-02-11,151,491,267,293
2022-02-12,68,265,89,152
2022-02-13,48,185,44,69
2022-02-14,146,440,192,231
2022-02-15,148,509,180,252
2022-02-16,134,583,176,267
2022-02-17,130,398,144,228
2022-02-18,157,455,143,194
2022-02-19,74,214,57,99
2022-02-20,104,233,63,120
2022-02-21,90,307,104,150
2022-02-22,65,248,41,143
2022-02-23,93,340,132,256
2022-02-24,111,345,152,223
2022-02-25,53,281,92,156
2022-02-26,41,221,56,115
2022-02-27,48,176,61,75
2022-02-28,156,537,266,290
2022-03-01,208,635,324,370
2022-03-02,181,615,302,361
2022-03-03,199,594,314,404
2022-03-04,210,598,263,313
2022-03-05,120,362,96,157
2022-03-06,107,273,89,170
2022-03-07,244,650,360,409
2022-03-08,137,462,208,282
2022-03-09,175,558,274,281
2022-03-10,158,573,284,334
2022-03-11,188,596,243,285
2022-03-12,136,366,147,210
2022-03-13,123,347,138,185
2022-03-14,336,846,421,518
2022-03-15,374,859,415,581
2022-03-16,383,988,424,613
2022-03-17,373,823,419,591
2022-03-18,345,806,314,458
2022-03-19,234,601,162,308
2022-03-20,274,616,317,468
2022-03-21,531,1121,475,710
2022-03-22,569,1160,515,766
2022-03-23,558,1164,502,749
2022-03-24,575,1186,490,709
2022-03-25,489,1021,376,587
2022-03-26,180,403,143,201
2022-03-27,,,,
2022-03-28,363,731,358,524
2022-03-29,461,932,452,651
2022-03-30,522,961,428,631
2022-03-31,548,993,469,670
2022-04-01,613,1089,447,656
2022-04-02,473,761,361,588
2022-04-03,386,792,479,640
2022-04-04,528,890,337,542
2022-04-05,258,504,226,337
2022-04-06,450,838,314,488
2022-04-07,407,823,359,534
2022-04-08,441,785,273,456
2022-04-09,432,671,228,394
2022-04-10,341,604,355,542
2022-04-11,932,1619,819,1161
2022-04-12,994,1868,915,1336
2022-04-13,1064,1834,920,1225
2022-04-14,564,996,371,594
2022-04-15,469,785,490,774
2022-04-16,598,904,608,925
2022-04-17,509,902,828,1180
2022-04-18,762,1342,1245,1644
2022-04-19,1494,2376,1410,1928
2022-04-20,1575,2719,1588,2127
2022-04-21,1660,2865,1547,2151
2022-04-22,1553,2701,1380,2025
2022-04-23,985,1705,913,1366
2022-04-24,855,1439,1118,1775
2022-04-25,1559,2504,1411,2009
2022-04-26,1861,2965,1564,2232
2022-04-27,1676,2677,1244,1893
2022-04-28,1374,2352,1000,1516
2022-04-29,1424,2521,947,1563
2022-04-30,997,1485,713,1072
2022-05-01,1054,1388,679,1267
2022-05-02,1485,2616,1282,1922
2022-05-03,1610,2757,1386,1930
2022-05-04,1679,3120,1509,2119
2022-05-05,1656,2852,1328,1993
2022-05-06,1734,3139,1529,2458
2022-05-07,776,1300,595,985
2022-05-08,747,1449,1019,1516
2022-05-09,1751,3033,1604,2232
2022-05-10,2091,3463,1800,2613
2022-05-11,1233,2238,1008,1583
2022-05-12,1869,3098,1346,2073
2022-05-13,1813,3000,1485,2060
2022-05-14,1139,1951,718,1559
2022-05-15,994,1666,1262,1782
2022-05-16,1897,3312,1814,2403
2022-05-17,2013,3426,1731,2338
2022-05-18,2383,3834,2230,3086
2022-05-19,2144,3626,1969,2790
2022-05-20,1904,3302,1404,2050
2022-05-21,1312,2210,1081,1847
2022-05-22,1018,1777,1341,2142
2022-05-23,2328,3982,2347,3368
2022-05-24,2665,4368,2553,3847
2022-05-25,2223,3926,2068,3010
2022-05-26,603,994,434,725
2022-05-27,763,1464,566,863
2022-05-28,771,1167,439,859
2022-05-29,1422,2085,1198,1865
2022-05-30,2502,4263,2469,3538
2022-05-31,1193,1976,888,1338
2022-06-01,2305,3845,2075,2929
2022-06-02,1058,1772,702,1090
2022-06-03,2169,3400,1544,2414
2022-06-04,1248,2107,706,1304
2022-06-05,1142,2043,1688,2492
2022-06-06,2418,4119,2478,3771
2022-06-07,2721,4447,2746,3875
2022-06-08,2065,3352,1559,2395
2022-06-09,2626,4310,2247,3394
2022-06-10,2264,3564,1846,2893
2022-06-11,1912,2950,1507,2785
2022-06-12,1630,2476,1785,2823
2022-06-13,2318,3929,2142,3380
2022-06-14,2505,4304,2223,3220
2022-06-15,2611,4373,2337,3397
2022-06-16,2569,4438,2212,3223
2022-06-17,2400,3971,1827,2979
2022-06-18,600,979,342,566
2022-06-19,1317,2134,1486,2487
2022-06-20,1926,3159,1574,2310
2022-06-21,2702,4232,2373,3442
2022-06-22,2550,4066,2179,3138
2022-06-23,1877,3161,1469,2279
2022-06-24,1152,1663,1000,2113
2022-06-25,1110,1576,1210,2248
2022-06-26,1107,1749,1143,2481
2022-06-27,2110,3599,2021,3584
2022-06-28,2477,4015,2190,3664
2022-06-29,2538,4126,1974,3290
2022-06-30,2628,4267,2216,3450
2022-07-01,2413,3764,1510,2502
2022-07-02,1857,3037,1288,2487
2022-07-03,1574,2332,1531,2772
2022-07-04,2146,3470,1978,3240
2022-07-05,2155,3415,1775,2728
2022-07-06,1983,3506,1646,2455
2022-07-07,2048,3260,1560,2406
2022-07-08,1697,2932,1320,2110
2022-07-09,1249,1821,954,1410
2022-07-10,1287,1992,1536,2403
2022-07-11,1785,3045,1577,2461
2022-07-12,1785,3126,1370,2132
2022-07-13,1598,2599,1159,1746
2022-07-14,1684,2757,1316,2053
2022-07-15,1329,2321,970,1387
2022-07-16,1006,1510,794,1047
2022-07-17,862,1285,670,1038
2022-07-18,1465,2517,1250,2050
2022-07-19,1566,2778,1288,2161
2022-07-20,2121,3177,1717,2803
2022-07-21,2038,3129,1626,2925
2022-07-22,1873,2872,1445,2549
2022-07-23,1498,2113,1079,1676
2022-07-24,974,1546,720,1173
2022-07-25,1925,3118,1840,2756
2022-07-26,1400,2272,1028,1641
2022-07-27,1939,3120,1405,2180
2022-07-28,1775,2706,1185,1801
2022-07-29,1657,2770,1201,1876
2022-07-30,1397,2058,1123,1659
2022-07-31,1269,1919,1347,2125
